PassengerId,HomePlanet,CryoSleep,Cabin,Destination,Age,VIP,RoomService,FoodCourt,ShoppingMall,Spa,VRDeck,Name,Transported
0000_01,Earth,True,D/163/P,TRAPPIST-1e,24.0,False,0,0,0,0,0,Firstname0 Lastname0,True
0001_01,Mars,False,D/270/S,55 Cancri e,5.0,False,4,166,197,409,296,Firstname1 Lastname1,True
0002_01,Europa,False,B/182/P,TRAPPIST-1e,26.0,False,110,36,53,20,128,Firstname2 Lastname2,True
0003_01,Europa,False,B/217/P,PSO J318.5-22,24.0,False,198,134,47,185,86,Firstname3 Lastname3,True
0004_01,Earth,False,F/44/P,TRAPPIST-1e,44.0,False,17,366,17,497,89,Firstname4 Lastname4,True
0005_01,Earth,False,E/228/S,PSO J318.5-22,36.0,True,167,239,29,2,382,Firstname5 Lastname5,False
0006_01,Earth,False,C/84/S,55 Cancri e,12.0,False,192,381,3,144,161,Firstname6 Lastname6,False
0007_01,Mars,False,B/21/S,55 Cancri e,32.0,False,245,575,80,34,253,Firstname7 Lastname7,False
0008_01,Europa,True,B/7/S,TRAPPIST-1e,40.0,False,0,0,0,0,0,Firstname8 Lastname8,False
0009_01,Europa,False,G/160/S,TRAPPIST-1e,52.0,True,234,146,29,61,464,Firstname9 Lastname9,False
0010_01,Earth,True,C/148/S,55 Cancri e,43.0,False,0,0,0,0,0,Firstname10 Lastname10,False
0011_01,Mars,False,G/199/P,55 Cancri e,41.0,False,80,294,31,1,609,Firstname11 Lastname11,False
0012_01,Mars,False,B/154/S,TRAPPIST-1e,30.0,False,5,43,22,106,5,Firstname12 Lastname12,True
0013_01,Earth,True,F/165/S,PSO J318.5-22,35.0,False,0,0,0,0,0,Firstname13 Lastname13,False
0014_01,Earth,False,E/82/P,TRAPPIST-1e,48.0,False,127,142,119,247,452,Firstname14 Lastname14,False
0015_01,,False,C/87/S,55 Cancri e,10.0,False,58,236,11,10,64,Firstname15 Lastname15,False
0016_01,Earth,True,E/161/S,TRAPPIST-1e,24.0,False,0,0,0,0,0,Firstname16 Lastname16,False
0017_01,Europa,False,E/196/P,TRAPPIST-1e,18.0,False,21,30,56,136,72,Firstname17 Lastname17,True
0018_01,Earth,False,B/86/P,55 Cancri e,35.0,False,110,213,93,132,189,Firstname18 Lastname18,False
0019_01,Earth,True,A/81/S,TRAPPIST-1e,48.0,False,0,0,0,0,0,Firstname19 Lastname19,True
0020_01,Europa,False,E/61/S,PSO J318.5-22,21.0,False,163,254,133,207,259,Firstname20 Lastname20,False
0021_01,Earth,True,D/43/P,PSO J318.5-22,0.0,False,0,0,0,0,0,Firstname21 Lastname21,True
0022_01,Earth,False,G/86/P,TRAPPIST-1e,23.0,False,21,160,28,76,224,Firstname22 Lastname22,True
0023_01,Earth,False,A/98/S,,43.0,True,48,68,26,60,45,Firstname23 Lastname23,True
0024_01,Earth,False,F/198/S,PSO J318.5-22,38.0,False,66,141,12,44,539,Firstname24 Lastname24,False
0025_01,Europa,False,A/5/S,TRAPPIST-1e,36.0,False,43,178,27,72,61,Firstname25 Lastname25,True
0026_01,Earth,False,F/112/P,PSO J318.5-22,25.0,False,38,62,29,58,32,Firstname26 Lastname26,False
0027_01,Europa,False,B/98/S,55 Cancri e,10.0,False,332,17,59,67,18,Firstname27 Lastname27,True
0028_01,Europa,False,,55 Cancri e,37.0,True,102,10,87,465,165,Firstname28 Lastname28,False
0029_01,Earth,False,F/76/S,,,False,2,133,38,11,24,Firstname29 Lastname29,False
0030_01,Europa,True,,TRAPPIST-1e,62.0,False,0,0,0,0,0,Firstname30 Lastname30,True
0031_01,,False,C/138/P,,38.0,,207,203,32,78,71,Firstname31 Lastname31,True
0032_01,Earth,True,C/49/S,TRAPPIST-1e,21.0,False,0,0,0,0,0,Firstname32 Lastname32,False
0033_01,Mars,True,G/277/S,PSO J318.5-22,20.0,False,0,0,0,0,0,Firstname33 Lastname33,False
0034_01,Mars,True,B/68/S,PSO J318.5-22,28.0,False,0,0,0,0,0,Firstname34 Lastname34,False
0035_01,Mars,,D/214/P,TRAPPIST-1e,26.0,False,93,4,6,67,286,Firstname35 Lastname35,True
0036_01,Earth,False,E/79/S,TRAPPIST-1e,46.0,False,84,61,43,63,60,Firstname36 Lastname36,False
0037_01,Earth,False,D/92/S,TRAPPIST-1e,32.0,False,5,559,229,56,56,Firstname37 Lastname37,False
0038_01,Europa,True,C/168/S,PSO J318.5-22,19.0,False,0,0,0,0,0,Firstname38 Lastname38,True
0039_01,Earth,,D/26/P,TRAPPIST-1e,58.0,False,97,59,7,211,1,Firstname39 Lastname39,True
0040_01,Earth,False,G/66/P,PSO J318.5-22,30.0,False,23,132,149,13,423,Firstname40 Lastname40,True
0041_01,Earth,False,F/44/P,TRAPPIST-1e,41.0,False,70,281,105,13,44,Firstname41 Lastname41,False
0042_01,Earth,,B/227/S,55 Cancri e,20.0,False,78,87,75,67,588,Firstname42 Lastname42,False
0043_01,Mars,False,G/279/P,55 Cancri e,35.0,False,33,2,137,12,83,Firstname43 Lastname43,True
0044_01,,,C/178/P,TRAPPIST-1e,34.0,False,296,11,41,115,116,Firstname44 Lastname44,True
0045_01,Europa,False,C/197/P,TRAPPIST-1e,1.0,False,184,107,20,18,245,Firstname45 Lastname45,True
0046_01,Earth,True,C/268/S,PSO J318.5-22,60.0,False,0,0,0,0,0,Firstname46 Lastname46,True
0047_01,Europa,True,D/297/S,TRAPPIST-1e,49.0,False,0,0,0,0,0,Firstname47 Lastname47,True
0048_01,Europa,False,E/85/S,PSO J318.5-22,24.0,False,11,11,61,45,161,Firstname48 Lastname48,False
0049_01,Earth,True,G/47/P,55 Cancri e,13.0,False,0,0,0,0,0,Firstname49 Lastname49,False
0050_01,Mars,,F/104/S,,35.0,False,17,221,237,79,8,Firstname50 Lastname50,True
0051_01,Europa,False,B/268/S,55 Cancri e,31.0,False,382,276,186,459,2,Firstname51 Lastname51,False
0052_01,Mars,False,G/259/P,TRAPPIST-1e,35.0,False,17,144,166,248,122,Firstname52 Lastname52,False
0053_01,Mars,False,B/40/S,TRAPPIST-1e,32.0,True,66,155,129,53,28,Firstname53 Lastname53,False
0054_01,Europa,False,A/220/P,55 Cancri e,37.0,False,45,4,229,5,218,Firstname54 Lastname54,True
0055_01,Mars,False,G/8/P,TRAPPIST-1e,51.0,False,101,264,8,224,48,Firstname55 Lastname55,True
0056_01,Earth,False,D/176/P,PSO J318.5-22,,False,13,232,24,290,113,Firstname56 Lastname56,False
0057_01,Earth,False,E/260/S,TRAPPIST-1e,14.0,False,56,44,54,206,44,Firstname57 Lastname57,False
0058_01,Earth,False,,,50.0,False,32,184,149,16,159,Firstname58 Lastname58,True
0059_01,Earth,False,A/12/P,55 Cancri e,54.0,False,218,36,56,740,24,Firstname59 Lastname59,False
0060_01,,False,F/16/P,TRAPPIST-1e,77.0,False,4,6,110,35,4,Firstname60 Lastname60,False
0061_01,Earth,False,G/109/P,55 Cancri e,13.0,False,245,33,11,154,10,Firstname61 Lastname61,True
0062_01,Mars,,E/21/S,55 Cancri e,33.0,False,178,29,23,286,616,Firstname62 Lastname62,False
0063_01,Earth,False,E/162/S,55 Cancri e,0.0,False,35,61,105,32,30,Firstname63 Lastname63,False
0064_01,Earth,False,D/102/S,,38.0,False,155,81,14,286,246,Firstname64 Lastname64,True
0065_01,Europa,False,G/59/P,PSO J318.5-22,21.0,False,3,106,34,44,14,Firstname65 Lastname65,False
0066_01,Earth,True,C/25/P,,58.0,False,0,0,0,0,0,Firstname66 Lastname66,False
0067_01,Mars,True,A/196/P,TRAPPIST-1e,18.0,False,0,0,0,0,0,Firstname67 Lastname67,False
0068_01,Earth,False,D/154/S,PSO J318.5-22,4.0,False,36,4,98,368,125,Firstname68 Lastname68,True
0069_01,Mars,True,F/133/P,PSO J318.5-22,22.0,False,0,0,0,0,0,Firstname69 Lastname69,True
0070_01,Europa,True,E/265/S,PSO J318.5-22,0.0,False,0,0,0,0,0,Firstname70 Lastname70,False
0071_01,Earth,True,F/134/P,PSO J318.5-22,41.0,False,0,0,0,0,0,Firstname71 Lastname71,True
0072_01,Earth,,D/213/S,TRAPPIST-1e,0.0,False,4,302,130,77,184,Firstname72 Lastname72,True
0073_01,Mars,True,B/131/S,PSO J318.5-22,30.0,False,0,0,0,0,0,Firstname73 Lastname73,True
0074_01,Europa,False,D/286/S,55 Cancri e,0.0,False,58,292,83,146,88,Firstname74 Lastname74,True
0075_01,Europa,False,E/156/S,TRAPPIST-1e,25.0,True,297,102,103,25,587,Firstname75 Lastname75,False
0076_01,Europa,False,B/190/P,55 Cancri e,54.0,False,28,21,18,96,184,Firstname76 Lastname76,True
0077_01,Earth,False,E/163/S,PSO J318.5-22,35.0,False,75,178,172,35,173,Firstname77 Lastname77,False
0078_01,Earth,True,B/41/P,55 Cancri e,17.0,False,0,0,0,0,0,Firstname78 Lastname78,True
0079_01,Earth,False,G/75/P,PSO J318.5-22,29.0,False,121,87,44,3,9,Firstname79 Lastname79,False
0080_01,Mars,False,G/176/S,55 Cancri e,,True,7,10,16,26,580,Firstname80 Lastname80,True
0081_01,Europa,True,F/273/P,TRAPPIST-1e,37.0,False,0,0,0,0,0,Firstname81 Lastname81,False
0082_01,Earth,False,D/139/S,55 Cancri e,9.0,False,24,20,112,64,116,Firstname82 Lastname82,False
0083_01,Earth,False,G/289/S,TRAPPIST-1e,38.0,False,133,350,18,31,24,Firstname83 Lastname83,True
0084_01,Earth,False,E/272/S,55 Cancri e,0.0,False,20,299,32,81,362,Firstname84 Lastname84,False
0085_01,Earth,False,B/248/S,55 Cancri e,20.0,True,85,93,132,247,5,Firstname85 Lastname85,True
0086_01,Europa,,G/201/S,TRAPPIST-1e,22.0,True,24,204,95,149,359,Firstname86 Lastname86,False
0087_01,Europa,True,D/1/S,TRAPPIST-1e,39.0,False,0,0,0,0,0,Firstname87 Lastname87,False
0088_01,Mars,False,G/128/P,55 Cancri e,,False,285,243,46,11,435,Firstname88 Lastname88,False
0089_01,Earth,True,C/4/S,TRAPPIST-1e,8.0,False,0,0,0,0,0,Firstname89 Lastname89,False
0090_01,Earth,False,A/294/P,,15.0,False,43,231,39,21,35,Firstname90 Lastname90,True
0091_01,Europa,False,G/21/P,TRAPPIST-1e,32.0,False,26,93,18,185,166,Firstname91 Lastname91,True
0092_01,Europa,False,A/117/P,TRAPPIST-1e,28.0,False,5,424,80,34,74,Firstname92 Lastname92,True
0093_01,Europa,False,F/142/S,55 Cancri e,21.0,False,31,99,298,64,39,Firstname93 Lastname93,False
0094_01,Europa,True,D/39/P,PSO J318.5-22,22.0,False,0,0,0,0,0,Firstname94 Lastname94,False
0095_01,Earth,True,C/252/P,55 Cancri e,40.0,False,0,0,0,0,0,Firstname95 Lastname95,True
0096_01,Europa,True,G/210/P,TRAPPIST-1e,22.0,False,0,0,0,0,0,Firstname96 Lastname96,False
0097_01,Earth,True,A/134/P,,28.0,False,0,0,0,0,0,Firstname97 Lastname97,True
0098_01,Earth,False,C/91/S,PSO J318.5-22,62.0,False,118,29,148,18,96,Firstname98 Lastname98,True
0099_01,Earth,False,F/38/S,PSO J318.5-22,8.0,False,67,94,114,146,410,Firstname99 Lastname99,False
0100_01,Earth,True,D/190/P,PSO J318.5-22,2.0,False,0,0,0,0,0,Firstname100 Lastname100,False
0101_01,,False,C/30/P,PSO J318.5-22,41.0,True,31,209,516,68,605,Firstname101 Lastname101,False
0102_01,Earth,False,F/84/P,PSO J318.5-22,19.0,False,60,250,111,80,584,Firstname102 Lastname102,True
0103_01,Europa,False,A/270/S,TRAPPIST-1e,25.0,False,63,5,159,314,31,Firstname103 Lastname103,False
0104_01,Mars,False,F/215/S,55 Cancri e,,False,122,94,84,88,39,Firstname104 Lastname104,True
0105_01,Earth,True,A/83/S,TRAPPIST-1e,26.0,False,0,0,0,0,0,Firstname105 Lastname105,True
0106_01,Earth,False,C/275/P,PSO J318.5-22,53.0,,39,265,9,103,99,Firstname106 Lastname106,False
0107_01,Europa,False,D/173/P,TRAPPIST-1e,42.0,,4,7,34,140,0,Firstname107 Lastname107,False
0108_01,Earth,False,F/63/P,PSO J318.5-22,42.0,True,68,287,167,13,64,Firstname108 Lastname108,True
0109_01,Earth,True,C/124/P,55 Cancri e,8.0,False,0,0,0,0,0,Firstname109 Lastname109,True
0110_01,Earth,False,A/275/P,TRAPPIST-1e,12.0,False,18,32,6,68,321,Firstname110 Lastname110,False
0111_01,Earth,True,D/120/S,TRAPPIST-1e,0.0,False,0,0,0,0,0,Firstname111 Lastname111,True
0112_01,Mars,True,,TRAPPIST-1e,17.0,False,0,0,0,0,0,Firstname112 Lastname112,False
0113_01,Mars,False,A/286/P,PSO J318.5-22,44.0,False,291,113,14,56,510,Firstname113 Lastname113,False
0114_01,Europa,False,A/89/S,55 Cancri e,37.0,False,21,7,154,12,278,Firstname114 Lastname114,True
0115_01,Mars,False,C/227/P,TRAPPIST-1e,26.0,False,208,25,92,120,178,Firstname115 Lastname115,False
0116_01,Mars,True,C/222/P,55 Cancri e,29.0,True,0,0,0,0,0,Firstname116 Lastname116,False
0117_01,Earth,False,,TRAPPIST-1e,19.0,False,60,21,141,262,112,Firstname117 Lastname117,True
0118_01,Mars,True,B/125/S,PSO J318.5-22,33.0,False,0,0,0,0,0,Firstname118 Lastname118,False
0119_01,Europa,True,F/120/P,55 Cancri e,41.0,False,0,0,0,0,0,Firstname119 Lastname119,True
0120_01,Mars,,G/183/S,TRAPPIST-1e,5.0,False,65,109,26,0,55,Firstname120 Lastname120,False
0121_01,,False,E/62/P,PSO J318.5-22,34.0,False,46,216,56,57,261,Firstname121 Lastname121,True
0122_01,Earth,False,F/268/P,TRAPPIST-1e,43.0,False,67,88,60,204,108,Firstname122 Lastname122,False
0123_01,Earth,False,C/64/S,TRAPPIST-1e,23.0,False,86,234,131,54,796,Firstname123 Lastname123,True
0124_01,Earth,False,B/255/P,TRAPPIST-1e,40.0,False,20,144,125,110,85,Firstname124 Lastname124,True
0125_01,Earth,False,E/276/P,TRAPPIST-1e,72.0,False,231,18,69,111,509,Firstname125 Lastname125,False
0126_01,Mars,True,C/172/P,PSO J318.5-22,28.0,False,0,0,0,0,0,Firstname126 Lastname126,True
0127_01,Mars,False,E/201/P,PSO J318.5-22,35.0,False,100,86,17,281,55,Firstname127 Lastname127,True
0128_01,Earth,False,A/35/P,PSO J318.5-22,18.0,False,10,75,4,83,320,Firstname128 Lastname128,True
0129_01,Europa,True,B/216/S,TRAPPIST-1e,32.0,False,0,0,0,0,0,Firstname129 Lastname129,True
0130_01,Earth,False,A/8/P,TRAPPIST-1e,36.0,False,12,130,6,719,499,Firstname130 Lastname130,False
0131_01,Earth,False,G/76/S,PSO J318.5-22,32.0,True,8,73,22,81,119,Firstname131 Lastname131,False
0132_01,Earth,,G/15/P,,14.0,False,74,28,95,23,272,Firstname132 Lastname132,True
0133_01,Earth,,C/26/S,TRAPPIST-1e,33.0,False,51,38,42,86,125,Firstname133 Lastname133,False
0134_01,Mars,False,E/232/P,,51.0,False,88,128,167,201,51,Firstname134 Lastname134,False
0135_01,Earth,True,C/38/S,PSO J318.5-22,36.0,False,0,0,0,0,0,Firstname135 Lastname135,False
0136_01,Europa,False,A/157/P,PSO J318.5-22,44.0,False,56,108,0,186,110,Firstname136 Lastname136,True
0137_01,Europa,False,D/28/S,PSO J318.5-22,26.0,,19,28,28,147,281,Firstname137 Lastname137,False
0138_01,Earth,False,F/76/P,TRAPPIST-1e,41.0,True,435,163,69,35,185,Firstname138 Lastname138,False
0139_01,Mars,False,C/194/S,TRAPPIST-1e,34.0,False,82,287,37,237,233,Firstname139 Lastname139,False
0140_01,Mars,False,B/257/S,PSO J318.5-22,15.0,False,116,44,61,268,66,Firstname140 Lastname140,False
0141_01,Earth,False,G/262/S,TRAPPIST-1e,34.0,False,39,101,167,25,131,Firstname141 Lastname141,True
0142_01,Earth,False,A/210/P,55 Cancri e,15.0,False,9,556,194,16,9,Firstname142 Lastname142,False
0143_01,Earth,False,E/268/S,PSO J318.5-22,,False,372,60,24,445,340,Firstname143 Lastname143,False
0144_01,Earth,True,B/283/S,TRAPPIST-1e,32.0,False,0,0,0,0,0,Firstname144 Lastname144,False
0145_01,Earth,False,C/93/P,55 Cancri e,34.0,False,55,14,63,268,104,Firstname145 Lastname145,True
0146_01,Europa,False,A/142/P,TRAPPIST-1e,12.0,True,104,139,238,260,2,Firstname146 Lastname146,False
0147_01,Europa,False,E/177/P,PSO J318.5-22,45.0,False,2,14,526,93,37,Firstname147 Lastname147,False
0148_01,Earth,False,E/49/S,PSO J318.5-22,38.0,False,166,479,21,124,211,Firstname148 Lastname148,False
0149_01,Earth,False,A/190/S,55 Cancri e,19.0,False,76,188,103,94,189,Firstname149 Lastname149,False
0150_01,Mars,False,C/90/P,55 Cancri e,6.0,False,32,232,37,6,310,Firstname150 Lastname150,False
0151_01,Earth,False,E/245/P,PSO J318.5-22,27.0,False,6,182,0,164,58,Firstname151 Lastname151,True
0152_01,Earth,False,F/106/P,PSO J318.5-22,23.0,False,17,133,0,84,288,Firstname152 Lastname152,False
0153_01,Earth,False,F/233/P,55 Cancri e,31.0,False,225,89,49,125,232,Firstname153 Lastname153,True
0154_01,Mars,False,E/41/P,TRAPPIST-1e,24.0,False,115,293,53,83,77,Firstname154 Lastname154,False
0155_01,Earth,False,E/59/P,TRAPPIST-1e,0.0,False,28,471,1,81,157,Firstname155 Lastname155,True
0156_01,Europa,True,G/41/P,TRAPPIST-1e,24.0,False,0,0,0,0,0,Firstname156 Lastname156,False
0157_01,Europa,False,E/192/P,TRAPPIST-1e,25.0,False,117,402,27,39,120,Firstname157 Lastname157,False
0158_01,Earth,False,F/147/P,PSO J318.5-22,39.0,False,84,131,65,20,426,Firstname158 Lastname158,True
0159_01,Europa,True,E/127/S,PSO J318.5-22,19.0,False,0,0,0,0,0,Firstname159 Lastname159,True
0160_01,Earth,False,E/1/S,PSO J318.5-22,55.0,True,45,90,14,433,365,Firstname160 Lastname160,False
0161_01,Europa,True,D/19/S,,1.0,False,0,0,0,0,0,Firstname161 Lastname161,True
0162_01,Europa,False,E/109/S,55 Cancri e,49.0,False,110,0,21,37,42,Firstname162 Lastname162,True
0163_01,,False,E/240/P,TRAPPIST-1e,26.0,False,352,41,61,107,174,Firstname163 Lastname163,True
0164_01,Earth,True,E/90/P,PSO J318.5-22,42.0,False,0,0,0,0,0,Firstname164 Lastname164,False
0165_01,Mars,False,D/250/P,PSO J318.5-22,31.0,False,90,71,56,20,101,Firstname165 Lastname165,False
0166_01,Earth,False,A/174/P,TRAPPIST-1e,47.0,True,55,89,13,189,25,Firstname166 Lastname166,False
0167_01,Earth,False,F/215/P,TRAPPIST-1e,24.0,False,59,591,88,184,107,Firstname167 Lastname167,False
0168_01,Earth,True,G/146/S,TRAPPIST-1e,13.0,False,0,0,0,0,0,Firstname168 Lastname168,True
0169_01,,True,D/161/P,55 Cancri e,51.0,False,0,0,0,0,0,Firstname169 Lastname169,False
0170_01,Europa,False,D/82/P,55 Cancri e,28.0,False,66,21,50,333,107,Firstname170 Lastname170,True
0171_01,Earth,,C/239/S,PSO J318.5-22,,False,78,7,5,209,72,Firstname171 Lastname171,True
0172_01,Europa,False,D/113/P,TRAPPIST-1e,,False,36,224,72,143,519,Firstname172 Lastname172,True
0173_01,Earth,True,D/243/P,PSO J318.5-22,14.0,False,0,0,0,0,0,Firstname173 Lastname173,False
0174_01,Europa,False,A/258/P,55 Cancri e,38.0,False,8,214,59,65,283,Firstname174 Lastname174,False
0175_01,Earth,False,E/105/S,55 Cancri e,21.0,False,125,24,58,98,151,Firstname175 Lastname175,True
0176_01,Europa,False,B/266/S,TRAPPIST-1e,28.0,False,21,127,206,24,243,Firstname176 Lastname176,False
0177_01,Earth,True,B/51/S,TRAPPIST-1e,31.0,False,0,0,0,0,0,Firstname177 Lastname177,True
0178_01,Mars,False,A/39/S,55 Cancri e,7.0,True,49,38,69,110,569,Firstname178 Lastname178,True
0179_01,Earth,False,C/84/S,TRAPPIST-1e,18.0,False,53,1,41,47,151,Firstname179 Lastname179,False
0180_01,,False,C/117/S,TRAPPIST-1e,50.0,False,63,20,238,182,355,Firstname180 Lastname180,False
0181_01,Earth,False,E/166/P,TRAPPIST-1e,43.0,False,45,55,120,220,90,Firstname181 Lastname181,False
0182_01,Mars,False,F/296/S,,,False,10,18,26,46,21,Firstname182 Lastname182,False
0183_01,Mars,False,A/268/P,55 Cancri e,33.0,False,37,638,148,218,223,Firstname183 Lastname183,False
0184_01,Earth,True,C/213/S,55 Cancri e,25.0,False,0,0,0,0,0,Firstname184 Lastname184,True
0185_01,Europa,False,A/127/P,PSO J318.5-22,50.0,False,109,20,141,218,128,Firstname185 Lastname185,False
0186_01,Mars,False,A/279/S,PSO J318.5-22,,False,33,33,138,19,42,Firstname186 Lastname186,False
0187_01,Europa,True,A/294/S,TRAPPIST-1e,33.0,False,0,0,0,0,0,Firstname187 Lastname187,True
0188_01,Europa,False,E/107/S,PSO J318.5-22,47.0,False,21,9,96,123,776,Firstname188 Lastname188,False
0189_01,Earth,False,D/99/P,TRAPPIST-1e,18.0,False,23,297,27,76,124,Firstname189 Lastname189,False
0190_01,Earth,,G/73/P,PSO J318.5-22,53.0,False,2,488,28,286,340,Firstname190 Lastname190,True
0191_01,,False,F/122/S,TRAPPIST-1e,,False,227,42,28,54,141,Firstname191 Lastname191,False
0192_01,Mars,False,D/288/P,TRAPPIST-1e,54.0,False,23,89,103,40,136,Firstname192 Lastname192,False
0193_01,Europa,False,C/156/S,TRAPPIST-1e,24.0,False,25,3,20,83,533,Firstname193 Lastname193,True
0194_01,Earth,True,G/41/P,TRAPPIST-1e,26.0,False,0,0,0,0,0,Firstname194 Lastname194,True
0195_01,Earth,False,G/75/S,TRAPPIST-1e,1.0,False,13,80,100,50,308,Firstname195 Lastname195,True
0196_01,Europa,False,B/118/S,TRAPPIST-1e,23.0,False,101,47,15,141,70,Firstname196 Lastname196,False
0197_01,Mars,,D/167/S,55 Cancri e,14.0,,7,34,8,171,157,Firstname197 Lastname197,False
0198_01,Mars,False,D/7/S,PSO J318.5-22,20.0,False,14,159,21,230,50,Firstname198 Lastname198,False
0199_01,Europa,True,E/56/P,PSO J318.5-22,27.0,True,0,0,0,0,0,Firstname199 Lastname199,True
0200_01,Europa,False,A/47/S,55 Cancri e,44.0,,41,29,51,37,132,Firstname200 Lastname200,True
0201_01,Earth,True,C/157/S,55 Cancri e,33.0,False,0,0,0,0,0,Firstname201 Lastname201,True
0202_01,Earth,True,D/126/P,PSO J318.5-22,34.0,False,0,0,0,0,0,Firstname202 Lastname202,False
0203_01,,False,A/294/S,55 Cancri e,13.0,False,29,293,100,135,107,Firstname203 Lastname203,False
0204_01,Europa,False,E/176/S,TRAPPIST-1e,16.0,True,105,18,31,77,3,Firstname204 Lastname204,False
0205_01,Earth,False,D/31/S,TRAPPIST-1e,56.0,False,12,231,30,609,395,Firstname205 Lastname205,True
0206_01,Earth,False,A/67/P,PSO J318.5-22,18.0,False,76,167,47,156,38,Firstname206 Lastname206,False
0207_01,Europa,False,E/260/S,PSO J318.5-22,54.0,False,57,18,78,365,194,Firstname207 Lastname207,False
0208_01,Earth,True,C/234/P,PSO J318.5-22,26.0,False,0,0,0,0,0,Firstname208 Lastname208,True
0209_01,Earth,False,B/262/P,,30.0,False,92,87,16,279,102,Firstname209 Lastname209,False
0210_01,Europa,False,E/245/S,TRAPPIST-1e,46.0,False,205,435,156,202,853,Firstname210 Lastname210,True
0211_01,Europa,False,,PSO J318.5-22,49.0,False,681,22,23,73,21,Firstname211 Lastname211,True
0212_01,Europa,,E/170/S,TRAPPIST-1e,28.0,False,93,154,38,34,110,Firstname212 Lastname212,True
0213_01,Earth,False,E/35/P,PSO J318.5-22,24.0,False,51,72,164,55,73,Firstname213 Lastname213,False
0214_01,Europa,False,F/196/S,PSO J318.5-22,29.0,True,25,471,87,2,470,Firstname214 Lastname214,True
0215_01,Earth,True,D/201/P,55 Cancri e,35.0,False,0,0,0,0,0,Firstname215 Lastname215,True
0216_01,Earth,True,E/77/P,55 Cancri e,43.0,False,0,0,0,0,0,Firstname216 Lastname216,True
0217_01,Europa,False,G/126/S,,30.0,False,45,347,1,89,16,Firstname217 Lastname217,False
0218_01,Europa,False,A/109/S,PSO J318.5-22,39.0,False,245,47,106,438,197,Firstname218 Lastname218,False
0219_01,Mars,,F/68/P,55 Cancri e,54.0,,45,244,53,290,82,Firstname219 Lastname219,False
0220_01,Europa,False,E/162/P,PSO J318.5-22,35.0,False,46,814,134,21,222,Firstname220 Lastname220,True
0221_01,Europa,True,F/42/S,TRAPPIST-1e,34.0,True,0,0,0,0,0,Firstname221 Lastname221,True
0222_01,Earth,False,E/51/S,TRAPPIST-1e,7.0,False,181,86,208,66,28,Firstname222 Lastname222,True
0223_01,Earth,False,A/21/S,TRAPPIST-1e,0.0,True,105,110,191,53,231,Firstname223 Lastname223,True
0224_01,Earth,False,C/92/P,PSO J318.5-22,35.0,False,95,52,57,192,47,Firstname224 Lastname224,False
0225_01,Earth,False,E/111/S,,28.0,False,40,2,35,89,389,Firstname225 Lastname225,False
0226_01,Mars,False,C/273/P,55 Cancri e,22.0,False,170,37,50,101,12,Firstname226 Lastname226,False
0227_01,Earth,True,D/104/S,TRAPPIST-1e,33.0,,0,0,0,0,0,Firstname227 Lastname227,False
0228_01,Mars,False,A/152/S,TRAPPIST-1e,29.0,False,204,87,172,196,1308,Firstname228 Lastname228,True
0229_01,,False,C/165/P,55 Cancri e,46.0,,71,28,18,17,113,Firstname229 Lastname229,True
0230_01,Europa,False,E/8/S,TRAPPIST-1e,31.0,False,50,309,200,150,242,Firstname230 Lastname230,False
0231_01,Europa,True,E/145/P,PSO J318.5-22,18.0,False,0,0,0,0,0,Firstname231 Lastname231,True
0232_01,Europa,True,D/147/P,PSO J318.5-22,44.0,False,0,0,0,0,0,Firstname232 Lastname232,True
0233_01,Earth,True,C/117/S,PSO J318.5-22,26.0,False,0,0,0,0,0,Firstname233 Lastname233,True
0234_01,Earth,False,C/173/P,TRAPPIST-1e,,False,205,159,26,80,75,Firstname234 Lastname234,True
0235_01,Europa,,D/246/P,TRAPPIST-1e,22.0,False,59,469,8,52,353,Firstname235 Lastname235,True
0236_01,Earth,False,F/5/P,TRAPPIST-1e,20.0,False,42,0,9,34,184,Firstname236 Lastname236,False
0237_01,Earth,False,D/46/S,PSO J318.5-22,31.0,False,14,42,27,142,98,Firstname237 Lastname237,False
0238_01,Europa,False,D/70/P,,30.0,False,57,394,76,176,163,Firstname238 Lastname238,True
0239_01,Earth,True,C/147/S,TRAPPIST-1e,37.0,True,0,0,0,0,0,Firstname239 Lastname239,True
0240_01,Mars,False,D/236/S,PSO J318.5-22,25.0,False,51,191,183,6,36,Firstname240 Lastname240,False
0241_01,Mars,,F/183/S,55 Cancri e,2.0,False,113,217,78,226,103,Firstname241 Lastname241,True
0242_01,Mars,False,D/102/P,TRAPPIST-1e,23.0,False,54,14,0,1,84,Firstname242 Lastname242,True
0243_01,Earth,False,A/216/P,PSO J318.5-22,41.0,False,325,108,16,331,102,Firstname243 Lastname243,True
0244_01,Earth,False,G/203/S,PSO J318.5-22,,False,91,39,8,118,286,Firstname244 Lastname244,True
0245_01,Mars,False,A/242/P,TRAPPIST-1e,26.0,False,164,29,36,46,131,Firstname245 Lastname245,False
0246_01,Earth,True,C/219/S,TRAPPIST-1e,44.0,False,0,0,0,0,0,Firstname246 Lastname246,False
0247_01,Mars,True,D/175/P,PSO J318.5-22,19.0,False,0,0,0,0,0,Firstname247 Lastname247,True
0248_01,Mars,False,G/260/P,55 Cancri e,,False,41,94,34,32,107,Firstname248 Lastname248,True
0249_01,Mars,False,E/163/S,55 Cancri e,27.0,False,84,418,15,17,309,Firstname249 Lastname249,True
0250_01,Earth,False,G/116/P,PSO J318.5-22,22.0,False,197,30,83,113,157,Firstname250 Lastname250,True
0251_01,Earth,False,A/225/S,55 Cancri e,15.0,False,8,572,49,21,158,Firstname251 Lastname251,False
0252_01,Mars,True,C/63/S,TRAPPIST-1e,27.0,False,0,0,0,0,0,Firstname252 Lastname252,False
0253_01,Earth,True,C/13/P,PSO J318.5-22,37.0,True,0,0,0,0,0,Firstname253 Lastname253,False
0254_01,Earth,False,F/189/P,PSO J318.5-22,29.0,False,23,27,249,42,63,Firstname254 Lastname254,False
0255_01,Europa,False,G/208/S,TRAPPIST-1e,34.0,False,110,56,19,4,1463,Firstname255 Lastname255,False
0256_01,Mars,True,,55 Cancri e,57.0,False,0,0,0,0,0,Firstname256 Lastname256,False
0257_01,Europa,False,C/54/S,PSO J318.5-22,24.0,True,178,55,106,3,431,Firstname257 Lastname257,True
0258_01,Europa,True,B/126/P,TRAPPIST-1e,34.0,False,0,0,0,0,0,Firstname258 Lastname258,True
0259_01,Earth,False,D/194/P,55 Cancri e,22.0,True,13,537,211,45,83,Firstname259 Lastname259,False
0260_01,Europa,True,C/184/S,TRAPPIST-1e,17.0,,0,0,0,0,0,Firstname260 Lastname260,True
0261_01,Mars,,A/222/P,TRAPPIST-1e,,False,292,198,49,67,367,Firstname261 Lastname261,False
0262_01,Earth,False,C/19/S,TRAPPIST-1e,22.0,False,53,0,7,72,429,Firstname262 Lastname262,False
0263_01,Europa,False,B/113/S,55 Cancri e,35.0,False,39,136,75,86,34,Firstname263 Lastname263,False
0264_01,Mars,True,G/30/P,55 Cancri e,65.0,False,0,0,0,0,0,Firstname264 Lastname264,True
0265_01,Europa,True,C/65/S,TRAPPIST-1e,19.0,False,0,0,0,0,0,Firstname265 Lastname265,False
0266_01,Europa,False,A/37/P,PSO J318.5-22,23.0,True,181,30,62,15,8,Firstname266 Lastname266,True
0267_01,Europa,False,G/37/P,TRAPPIST-1e,29.0,False,540,158,60,97,182,Firstname267 Lastname267,False
0268_01,Earth,,E/188/S,55 Cancri e,35.0,False,2,187,6,47,385,Firstname268 Lastname268,True
0269_01,Earth,True,A/127/P,,33.0,False,0,0,0,0,0,Firstname269 Lastname269,False
0270_01,Mars,False,,PSO J318.5-22,49.0,False,94,57,78,124,269,Firstname270 Lastname270,False
0271_01,Mars,False,G/104/P,55 Cancri e,0.0,False,171,43,16,81,197,Firstname271 Lastname271,True
0272_01,Mars,False,A/290/S,TRAPPIST-1e,0.0,False,33,468,50,116,94,Firstname272 Lastname272,False
0273_01,Mars,True,F/260/S,TRAPPIST-1e,22.0,False,0,0,0,0,0,Firstname273 Lastname273,False
0274_01,Europa,False,G/75/P,PSO J318.5-22,,False,154,91,60,161,247,Firstname274 Lastname274,True
0275_01,Europa,True,C/188/P,55 Cancri e,6.0,False,0,0,0,0,0,Firstname275 Lastname275,False
0276_01,Europa,True,E/290/P,TRAPPIST-1e,0.0,False,0,0,0,0,0,Firstname276 Lastname276,True
0277_01,Europa,False,E/83/P,TRAPPIST-1e,38.0,False,70,82,75,136,3,Firstname277 Lastname277,False
0278_01,Europa,True,,TRAPPIST-1e,33.0,False,0,0,0,0,0,Firstname278 Lastname278,False
0279_01,Europa,False,A/162/S,PSO J318.5-22,13.0,False,130,83,89,67,14,Firstname279 Lastname279,True
0280_01,Mars,False,D/144/S,TRAPPIST-1e,15.0,True,43,115,6,63,168,Firstname280 Lastname280,True
0281_01,Earth,False,D/13/S,PSO J318.5-22,15.0,False,94,3,49,173,282,Firstname281 Lastname281,False
0282_01,Earth,False,G/290/P,55 Cancri e,31.0,True,88,88,177,104,23,Firstname282 Lastname282,True
0283_01,Earth,True,C/215/S,PSO J318.5-22,20.0,False,0,0,0,0,0,Firstname283 Lastname283,True
0284_01,Europa,False,F/55/P,,37.0,False,102,170,359,267,162,Firstname284 Lastname284,False
0285_01,Earth,False,F/221/P,PSO J318.5-22,0.0,False,30,151,238,3,234,Firstname285 Lastname285,True
0286_01,Earth,True,,TRAPPIST-1e,17.0,False,0,0,0,0,0,Firstname286 Lastname286,True
0287_01,Europa,False,A/233/S,55 Cancri e,13.0,False,12,2,216,170,17,Firstname287 Lastname287,False
0288_01,Earth,True,E/269/P,PSO J318.5-22,26.0,False,0,0,0,0,0,Firstname288 Lastname288,True
0289_01,Europa,True,C/53/P,TRAPPIST-1e,21.0,True,0,0,0,0,0,Firstname289 Lastname289,True
0290_01,Earth,,A/281/S,PSO J318.5-22,41.0,True,183,116,43,109,99,Firstname290 Lastname290,True
0291_01,Earth,True,G/183/P,PSO J318.5-22,2.0,False,0,0,0,0,0,Firstname291 Lastname291,False
0292_01,Mars,False,F/74/S,,30.0,False,155,21,80,48,473,Firstname292 Lastname292,False
0293_01,Earth,False,D/54/S,TRAPPIST-1e,38.0,False,43,327,119,11,141,Firstname293 Lastname293,False
0294_01,Earth,False,D/160/S,55 Cancri e,,False,51,95,2,99,180,Firstname294 Lastname294,True
0295_01,Europa,True,F/178/S,55 Cancri e,22.0,False,0,0,0,0,0,Firstname295 Lastname295,True
0296_01,Europa,True,F/53/S,PSO J318.5-22,34.0,False,0,0,0,0,0,Firstname296 Lastname296,True
0297_01,Earth,True,G/22/S,55 Cancri e,2.0,False,0,0,0,0,0,Firstname297 Lastname297,True
0298_01,Europa,False,G/260/P,TRAPPIST-1e,0.0,False,89,244,34,160,332,Firstname298 Lastname298,False
0299_01,Earth,False,C/264/S,PSO J318.5-22,42.0,,452,161,50,174,131,Firstname299 Lastname299,True
0300_01,Earth,,D/119/P,PSO J318.5-22,29.0,False,18,76,32,282,119,Firstname300 Lastname300,True
0301_01,Europa,,F/290/S,PSO J318.5-22,47.0,True,4,108,9,63,110,Firstname301 Lastname301,True
0302_01,Europa,True,B/127/P,PSO J318.5-22,9.0,False,0,0,0,0,0,Firstname302 Lastname302,False
0303_01,Europa,False,A/204/P,TRAPPIST-1e,37.0,False,29,70,2,240,580,Firstname303 Lastname303,False
0304_01,Europa,False,G/241/S,TRAPPIST-1e,58.0,False,176,73,50,42,158,Firstname304 Lastname304,False
0305_01,,,E/154/S,TRAPPIST-1e,,False,121,15,247,20,612,Firstname305 Lastname305,False
0306_01,Europa,False,F/294/P,TRAPPIST-1e,34.0,False,291,369,9,68,39,Firstname306 Lastname306,False
0307_01,Earth,False,G/88/S,55 Cancri e,30.0,False,52,14,233,61,257,Firstname307 Lastname307,True
0308_01,Europa,False,A/157/S,TRAPPIST-1e,6.0,False,108,156,105,102,334,Firstname308 Lastname308,True
0309_01,Earth,False,C/121/P,TRAPPIST-1e,50.0,True,62,79,81,105,227,Firstname309 Lastname309,False
0310_01,Earth,True,C/147/P,PSO J318.5-22,20.0,False,0,0,0,0,0,Firstname310 Lastname310,False
0311_01,Earth,False,C/162/S,PSO J318.5-22,37.0,False,59,170,140,85,166,Firstname311 Lastname311,False
0312_01,Earth,False,D/100/S,55 Cancri e,6.0,False,20,10,9,13,394,Firstname312 Lastname312,False
0313_01,Mars,False,G/141/P,,12.0,True,70,135,56,234,344,Firstname313 Lastname313,False
0314_01,Mars,False,A/198/S,TRAPPIST-1e,51.0,False,75,221,95,44,26,Firstname314 Lastname314,False
0315_01,Europa,False,D/179/P,55 Cancri e,24.0,,166,264,70,426,377,Firstname315 Lastname315,False
0316_01,Earth,False,A/186/P,PSO J318.5-22,51.0,False,132,28,143,15,106,Firstname316 Lastname316,False
0317_01,,False,B/217/S,TRAPPIST-1e,28.0,False,109,341,6,381,58,Firstname317 Lastname317,True
0318_01,Earth,True,,PSO J318.5-22,2.0,False,0,0,0,0,0,Firstname318 Lastname318,False
0319_01,Earth,True,E/235/P,55 Cancri e,43.0,False,0,0,0,0,0,Firstname319 Lastname319,False
0320_01,Europa,True,E/24/S,TRAPPIST-1e,21.0,False,0,0,0,0,0,Firstname320 Lastname320,True
0321_01,Europa,True,C/273/S,TRAPPIST-1e,40.0,False,0,0,0,0,0,Firstname321 Lastname321,False
0322_01,Europa,False,,TRAPPIST-1e,30.0,False,252,377,77,227,0,Firstname322 Lastname322,False
0323_01,Earth,True,A/21/S,TRAPPIST-1e,6.0,False,0,0,0,0,0,Firstname323 Lastname323,True
0324_01,,False,C/211/S,PSO J318.5-22,32.0,False,171,89,54,316,21,Firstname324 Lastname324,False
0325_01,,False,E/298/P,,62.0,False,3,48,139,107,280,Firstname325 Lastname325,True
0326_01,Europa,True,E/28/S,TRAPPIST-1e,37.0,False,0,0,0,0,0,Firstname326 Lastname326,False
0327_01,Europa,False,A/146/S,55 Cancri e,29.0,True,78,73,8,224,117,Firstname327 Lastname327,False
0328_01,Earth,False,F/227/S,55 Cancri e,46.0,,16,50,5,42,18,Firstname328 Lastname328,True
0329_01,Earth,False,A/13/S,PSO J318.5-22,33.0,False,137,46,4,52,67,Firstname329 Lastname329,True
0330_01,Earth,False,E/100/P,55 Cancri e,33.0,True,0,296,38,283,304,Firstname330 Lastname330,False
0331_01,Europa,False,B/16/P,TRAPPIST-1e,13.0,False,18,10,32,277,32,Firstname331 Lastname331,True
0332_01,Earth,True,A/166/P,PSO J318.5-22,,False,0,0,0,0,0,Firstname332 Lastname332,True
0333_01,Earth,False,F/100/P,PSO J318.5-22,45.0,False,125,28,108,278,498,Firstname333 Lastname333,False
0334_01,,False,G/173/P,55 Cancri e,,False,248,63,4,16,227,Firstname334 Lastname334,True
0335_01,Earth,False,B/216/S,55 Cancri e,51.0,False,122,9,19,208,333,Firstname335 Lastname335,True
0336_01,Mars,True,G/292/S,TRAPPIST-1e,28.0,False,0,0,0,0,0,Firstname336 Lastname336,False
0337_01,Europa,False,C/28/S,55 Cancri e,16.0,,50,219,63,562,57,Firstname337 Lastname337,False
0338_01,Earth,True,D/149/S,TRAPPIST-1e,44.0,False,0,0,0,0,0,Firstname338 Lastname338,False
0339_01,Earth,True,F/65/S,55 Cancri e,25.0,True,0,0,0,0,0,Firstname339 Lastname339,False
0340_01,Earth,True,E/252/P,55 Cancri e,41.0,False,0,0,0,0,0,Firstname340 Lastname340,True
0341_01,Earth,False,C/13/P,TRAPPIST-1e,25.0,False,112,95,130,46,217,Firstname341 Lastname341,True
0342_01,Earth,False,A/118/S,55 Cancri e,29.0,False,54,310,15,9,106,Firstname342 Lastname342,True
0343_01,Earth,False,B/53/S,TRAPPIST-1e,37.0,True,131,215,41,271,9,Firstname343 Lastname343,False
0344_01,Earth,False,G/53/S,PSO J318.5-22,34.0,False,73,107,35,194,306,Firstname344 Lastname344,False
0345_01,,False,,PSO J318.5-22,0.0,False,7,166,125,18,227,Firstname345 Lastname345,False
0346_01,Europa,False,F/280/S,PSO J318.5-22,13.0,False,21,281,57,179,128,Firstname346 Lastname346,False
0347_01,Earth,False,F/138/P,55 Cancri e,43.0,False,183,1,10,117,460,Firstname347 Lastname347,False
0348_01,Earth,False,A/111/S,PSO J318.5-22,,False,129,77,107,63,81,Firstname348 Lastname348,True
0349_01,Europa,True,A/268/S,PSO J318.5-22,22.0,False,0,0,0,0,0,Firstname349 Lastname349,True
0350_01,Europa,False,D/24/P,55 Cancri e,9.0,False,12,202,24,235,412,Firstname350 Lastname350,True
0351_01,Mars,False,C/228/S,55 Cancri e,13.0,False,462,117,37,144,318,Firstname351 Lastname351,True
0352_01,Europa,False,D/230/P,TRAPPIST-1e,0.0,False,23,113,55,95,144,Firstname352 Lastname352,False
0353_01,Earth,False,D/119/S,55 Cancri e,,False,1,64,33,112,28,Firstname353 Lastname353,True
0354_01,Earth,,G/104/S,TRAPPIST-1e,21.0,False,596,110,22,11,48,Firstname354 Lastname354,False
0355_01,Europa,False,B/283/S,55 Cancri e,15.0,False,32,159,40,77,213,Firstname355 Lastname355,False
0356_01,Earth,False,E/170/P,TRAPPIST-1e,28.0,False,110,81,1,25,97,Firstname356 Lastname356,True
0357_01,Europa,False,G/222/P,TRAPPIST-1e,35.0,False,19,187,118,28,362,Firstname357 Lastname357,False
0358_01,Mars,True,B/134/P,PSO J318.5-22,61.0,False,0,0,0,0,0,Firstname358 Lastname358,False
0359_01,Europa,False,E/153/P,PSO J318.5-22,7.0,False,234,25,3,290,327,Firstname359 Lastname359,True
0360_01,Earth,False,G/7/S,,47.0,False,38,90,84,62,94,Firstname360 Lastname360,False
0361_01,Europa,True,A/126/S,TRAPPIST-1e,44.0,False,0,0,0,0,0,Firstname361 Lastname361,False
0362_01,Earth,False,,PSO J318.5-22,18.0,False,20,174,134,125,86,Firstname362 Lastname362,False
0363_01,Europa,False,G/160/P,55 Cancri e,33.0,False,98,43,54,245,36,Firstname363 Lastname363,False
0364_01,Mars,False,A/217/S,TRAPPIST-1e,23.0,False,41,153,18,165,6,Firstname364 Lastname364,False
0365_01,Earth,True,E/214/P,TRAPPIST-1e,32.0,False,0,0,0,0,0,Firstname365 Lastname365,False
0366_01,Mars,False,D/104/P,PSO J318.5-22,52.0,False,37,81,96,92,467,Firstname366 Lastname366,True
0367_01,Mars,False,E/157/S,TRAPPIST-1e,39.0,False,19,362,22,167,54,Firstname367 Lastname367,True
0368_01,Earth,True,B/205/P,55 Cancri e,37.0,False,0,0,0,0,0,Firstname368 Lastname368,True
0369_01,Earth,True,D/218/S,55 Cancri e,23.0,True,0,0,0,0,0,Firstname369 Lastname369,True
0370_01,Earth,False,B/104/P,PSO J318.5-22,,False,28,39,324,59,5,Firstname370 Lastname370,False
0371_01,Earth,True,G/133/S,TRAPPIST-1e,26.0,False,0,0,0,0,0,Firstname371 Lastname371,False
0372_01,Earth,,D/143/S,55 Cancri e,,False,38,476,93,317,77,Firstname372 Lastname372,True
0373_01,Europa,False,,PSO J318.5-22,7.0,False,136,15,223,248,7,Firstname373 Lastname373,True
0374_01,Earth,True,A/59/S,55 Cancri e,14.0,False,0,0,0,0,0,Firstname374 Lastname374,True
0375_01,Earth,False,D/199/S,PSO J318.5-22,,False,57,26,16,22,30,Firstname375 Lastname375,False
0376_01,Mars,False,A/26/P,55 Cancri e,15.0,False,197,828,46,53,160,Firstname376 Lastname376,False
0377_01,Earth,False,,PSO J318.5-22,18.0,False,83,29,5,41,64,Firstname377 Lastname377,False
0378_01,Mars,False,E/68/P,PSO J318.5-22,23.0,,17,104,39,114,13,Firstname378 Lastname378,False
0379_01,Earth,False,G/49/P,55 Cancri e,9.0,False,117,282,108,279,10,Firstname379 Lastname379,True
0380_01,Earth,True,D/102/S,PSO J318.5-22,15.0,False,0,0,0,0,0,Firstname380 Lastname380,True
0381_01,Europa,False,F/188/P,PSO J318.5-22,40.0,False,105,139,32,127,14,Firstname381 Lastname381,True
0382_01,Europa,False,G/159/P,TRAPPIST-1e,10.0,False,220,48,72,218,285,Firstname382 Lastname382,True
0383_01,Mars,True,F/242/S,PSO J318.5-22,6.0,False,0,0,0,0,0,Firstname383 Lastname383,False
0384_01,Europa,False,A/5/S,PSO J318.5-22,20.0,False,231,49,3,28,83,Firstname384 Lastname384,False
0385_01,Mars,False,D/248/S,TRAPPIST-1e,,False,138,174,38,89,108,Firstname385 Lastname385,False
0386_01,Earth,False,A/226/P,TRAPPIST-1e,27.0,False,67,168,13,97,528,Firstname386 Lastname386,False
0387_01,Earth,True,E/122/P,PSO J318.5-22,23.0,False,0,0,0,0,0,Firstname387 Lastname387,True
0388_01,Europa,False,F/294/S,55 Cancri e,30.0,False,39,5,8,29,251,Firstname388 Lastname388,True
0389_01,Mars,False,F/210/S,PSO J318.5-22,3.0,False,411,78,87,55,432,Firstname389 Lastname389,False
0390_01,Mars,True,B/223/S,TRAPPIST-1e,,False,0,0,0,0,0,Firstname390 Lastname390,False
0391_01,Earth,True,C/6/P,PSO J318.5-22,35.0,,0,0,0,0,0,Firstname391 Lastname391,True
0392_01,Earth,True,D/235/S,TRAPPIST-1e,23.0,False,0,0,0,0,0,Firstname392 Lastname392,False
0393_01,Europa,False,A/209/S,PSO J318.5-22,45.0,False,97,91,1,168,195,Firstname393 Lastname393,False
0394_01,Earth,False,C/50/P,TRAPPIST-1e,13.0,True,5,139,46,166,131,Firstname394 Lastname394,True
0395_01,Mars,False,G/156/S,TRAPPIST-1e,46.0,False,2,139,1,37,102,Firstname395 Lastname395,False
0396_01,Mars,False,F/169/S,TRAPPIST-1e,32.0,False,59,263,52,101,856,Firstname396 Lastname396,True
0397_01,Earth,True,D/252/S,TRAPPIST-1e,,False,0,0,0,0,0,Firstname397 Lastname397,False
0398_01,Europa,False,C/90/S,TRAPPIST-1e,29.0,False,57,48,31,77,114,Firstname398 Lastname398,False
0399_01,Europa,False,A/139/P,TRAPPIST-1e,,False,30,46,11,348,259,Firstname399 Lastname399,False
0400_01,Earth,True,A/274/P,PSO J318.5-22,48.0,False,0,0,0,0,0,Firstname400 Lastname400,True
0401_01,Mars,True,G/154/S,PSO J318.5-22,13.0,False,0,0,0,0,0,Firstname401 Lastname401,True
0402_01,Europa,True,D/108/P,TRAPPIST-1e,18.0,False,0,0,0,0,0,Firstname402 Lastname402,True
0403_01,Mars,False,E/59/P,55 Cancri e,45.0,False,22,14,60,225,103,Firstname403 Lastname403,True
0404_01,Earth,False,B/273/P,TRAPPIST-1e,21.0,False,38,190,71,588,3,Firstname404 Lastname404,False
0405_01,Mars,False,C/245/S,PSO J318.5-22,43.0,False,89,36,17,136,337,Firstname405 Lastname405,False
0406_01,Earth,False,B/247/S,TRAPPIST-1e,55.0,True,7,32,27,331,89,Firstname406 Lastname406,True
0407_01,Earth,False,E/8/S,TRAPPIST-1e,23.0,False,15,79,14,210,173,Firstname407 Lastname407,True
0408_01,Mars,False,D/94/P,PSO J318.5-22,40.0,False,7,38,22,223,15,Firstname408 Lastname408,True
0409_01,Earth,False,C/39/P,,12.0,False,167,131,20,101,38,Firstname409 Lastname409,False
0410_01,Earth,True,C/84/S,55 Cancri e,41.0,False,0,0,0,0,0,Firstname410 Lastname410,True
0411_01,Mars,True,B/93/S,PSO J318.5-22,32.0,False,0,0,0,0,0,Firstname411 Lastname411,True
0412_01,Mars,True,D/137/P,55 Cancri e,,False,0,0,0,0,0,Firstname412 Lastname412,False
0413_01,Europa,True,B/36/P,,20.0,False,0,0,0,0,0,Firstname413 Lastname413,True
0414_01,,False,D/156/S,TRAPPIST-1e,5.0,False,64,25,82,70,92,Firstname414 Lastname414,False
0415_01,Earth,False,G/171/P,TRAPPIST-1e,37.0,False,102,318,135,99,70,Firstname415 Lastname415,False
0416_01,Earth,True,B/252/S,TRAPPIST-1e,0.0,False,0,0,0,0,0,Firstname416 Lastname416,True
0417_01,Earth,True,B/55/S,PSO J318.5-22,25.0,False,0,0,0,0,0,Firstname417 Lastname417,False
0418_01,Europa,False,C/278/P,PSO J318.5-22,44.0,False,150,5,24,256,198,Firstname418 Lastname418,False
0419_01,Europa,False,C/141/P,TRAPPIST-1e,32.0,False,69,103,3,70,317,Firstname419 Lastname419,False
0420_01,Europa,False,B/228/P,55 Cancri e,59.0,False,44,121,29,106,304,Firstname420 Lastname420,True
0421_01,Europa,False,,,45.0,False,32,122,109,17,87,Firstname421 Lastname421,True
0422_01,Earth,True,C/34/P,TRAPPIST-1e,20.0,False,0,0,0,0,0,Firstname422 Lastname422,False
0423_01,Earth,True,A/160/P,TRAPPIST-1e,30.0,False,0,0,0,0,0,Firstname423 Lastname423,False
0424_01,Earth,False,E/241/P,TRAPPIST-1e,,False,204,43,97,146,233,Firstname424 Lastname424,True
0425_01,Europa,False,D/117/S,TRAPPIST-1e,6.0,False,41,249,122,12,4,Firstname425 Lastname425,True
0426_01,Earth,,C/99/P,TRAPPIST-1e,15.0,False,146,441,48,287,82,Firstname426 Lastname426,True
0427_01,Mars,False,G/91/S,PSO J318.5-22,21.0,False,82,21,95,29,31,Firstname427 Lastname427,True
0428_01,Earth,False,F/17/S,TRAPPIST-1e,0.0,False,214,103,39,27,53,Firstname428 Lastname428,False
0429_01,Earth,,E/116/P,,30.0,True,75,36,13,24,471,Firstname429 Lastname429,True
0430_01,Earth,,D/181/P,55 Cancri e,26.0,False,72,9,40,1,7,Firstname430 Lastname430,True
0431_01,Europa,False,B/114/P,PSO J318.5-22,4.0,False,86,59,69,177,49,Firstname431 Lastname431,False
0432_01,Europa,False,B/154/P,55 Cancri e,36.0,False,138,23,236,249,74,Firstname432 Lastname432,True
0433_01,Earth,False,D/116/P,TRAPPIST-1e,40.0,,334,185,5,114,191,Firstname433 Lastname433,False
0434_01,Earth,True,B/203/P,,33.0,False,0,0,0,0,0,Firstname434 Lastname434,False
0435_01,Europa,True,A/193/P,PSO J318.5-22,25.0,,0,0,0,0,0,Firstname435 Lastname435,True
0436_01,Earth,False,F/237/P,TRAPPIST-1e,38.0,False,277,1,56,77,35,Firstname436 Lastname436,False
0437_01,Mars,,E/68/P,TRAPPIST-1e,40.0,False,75,247,1,370,54,Firstname437 Lastname437,False
0438_01,Europa,True,C/149/P,PSO J318.5-22,34.0,,0,0,0,0,0,Firstname438 Lastname438,True
0439_01,Earth,False,D/282/P,PSO J318.5-22,17.0,False,65,139,137,157,63,Firstname439 Lastname439,True
0440_01,Earth,False,C/109/S,PSO J318.5-22,34.0,False,9,61,64,69,589,Firstname440 Lastname440,False
0441_01,Mars,True,G/154/S,PSO J318.5-22,47.0,True,0,0,0,0,0,Firstname441 Lastname441,False
0442_01,Earth,False,E/132/P,PSO J318.5-22,21.0,False,137,56,26,73,12,Firstname442 Lastname442,False
0443_01,Earth,False,B/84/P,TRAPPIST-1e,61.0,False,37,13,28,8,261,Firstname443 Lastname443,True
0444_01,Mars,False,B/116/P,TRAPPIST-1e,22.0,False,36,37,38,192,79,Firstname444 Lastname444,False
0445_01,Mars,True,E/41/S,TRAPPIST-1e,30.0,True,0,0,0,0,0,Firstname445 Lastname445,True
0446_01,Mars,False,C/112/P,TRAPPIST-1e,19.0,False,7,83,273,155,65,Firstname446 Lastname446,False
0447_01,Europa,False,F/271/P,55 Cancri e,33.0,False,212,161,46,8,169,Firstname447 Lastname447,False
0448_01,Earth,False,E/195/P,PSO J318.5-22,3.0,False,29,45,39,372,295,Firstname448 Lastname448,False
0449_01,Earth,False,C/40/P,55 Cancri e,21.0,False,89,1,149,25,526,Firstname449 Lastname449,False
0450_01,Europa,False,E/164/S,TRAPPIST-1e,13.0,False,274,109,44,257,60,Firstname450 Lastname450,False
0451_01,Europa,False,E/24/S,TRAPPIST-1e,32.0,False,113,139,64,198,81,Firstname451 Lastname451,False
0452_01,Earth,,B/4/P,TRAPPIST-1e,44.0,False,53,494,21,412,124,Firstname452 Lastname452,True
0453_01,Mars,False,B/181/S,TRAPPIST-1e,39.0,False,116,133,108,77,523,Firstname453 Lastname453,False
0454_01,Earth,True,D/279/P,TRAPPIST-1e,0.0,False,0,0,0,0,0,Firstname454 Lastname454,False
0455_01,Earth,False,E/254/P,55 Cancri e,60.0,False,32,127,132,55,18,Firstname455 Lastname455,True
0456_01,Earth,,F/169/P,PSO J318.5-22,34.0,False,570,394,121,24,28,Firstname456 Lastname456,False
0457_01,,False,E/249/S,PSO J318.5-22,18.0,False,138,264,19,70,136,Firstname457 Lastname457,True
0458_01,Earth,,F/138/S,PSO J318.5-22,32.0,False,103,58,100,21,22,Firstname458 Lastname458,False
0459_01,Earth,False,G/103/S,55 Cancri e,32.0,False,43,40,128,482,84,Firstname459 Lastname459,False
0460_01,Earth,False,E/212/P,TRAPPIST-1e,19.0,False,5,45,33,12,32,Firstname460 Lastname460,True
0461_01,Europa,False,C/38/P,TRAPPIST-1e,,False,3,105,15,106,202,Firstname461 Lastname461,False
0462_01,Europa,True,G/239/P,TRAPPIST-1e,20.0,False,0,0,0,0,0,Firstname462 Lastname462,True
0463_01,Europa,False,E/30/S,55 Cancri e,23.0,False,143,104,47,92,1144,Firstname463 Lastname463,False
0464_01,Mars,False,E/25/S,55 Cancri e,19.0,False,77,10,34,130,94,Firstname464 Lastname464,False
0465_01,Earth,True,C/206/P,TRAPPIST-1e,,False,0,0,0,0,0,Firstname465 Lastname465,True
0466_01,Earth,False,,55 Cancri e,32.0,True,3,245,16,97,387,Firstname466 Lastname466,True
0467_01,Mars,False,D/39/S,55 Cancri e,38.0,False,45,51,157,40,24,Firstname467 Lastname467,True
0468_01,Earth,False,F/213/S,TRAPPIST-1e,37.0,False,27,163,23,337,233,Firstname468 Lastname468,False
0469_01,,False,,TRAPPIST-1e,,False,59,83,20,172,105,Firstname469 Lastname469,False
0470_01,Earth,False,C/287/S,PSO J318.5-22,34.0,False,7,329,52,431,46,Firstname470 Lastname470,True
0471_01,Mars,False,B/32/P,55 Cancri e,,False,308,279,55,4,103,Firstname471 Lastname471,True
0472_01,Earth,False,B/255/S,TRAPPIST-1e,42.0,True,25,111,19,40,15,Firstname472 Lastname472,True
0473_01,Mars,False,A/139/S,,9.0,False,255,176,25,26,237,Firstname473 Lastname473,False
0474_01,Europa,False,B/214/P,,16.0,False,55,322,14,1,58,Firstname474 Lastname474,False
0475_01,Mars,False,A/48/S,55 Cancri e,15.0,False,423,102,101,33,74,Firstname475 Lastname475,True
0476_01,Earth,,G/153/P,PSO J318.5-22,46.0,False,80,56,117,136,25,Firstname476 Lastname476,False
0477_01,Europa,False,E/102/P,,44.0,True,267,210,49,31,399,Firstname477 Lastname477,True
0478_01,Mars,False,A/191/P,55 Cancri e,37.0,False,0,37,100,85,136,Firstname478 Lastname478,False
0479_01,Europa,False,C/292/P,55 Cancri e,46.0,False,137,73,106,262,169,Firstname479 Lastname479,False
0480_01,Europa,False,A/88/S,55 Cancri e,16.0,False,233,301,11,142,168,Firstname480 Lastname480,False
0481_01,Europa,True,G/96/P,TRAPPIST-1e,35.0,True,0,0,0,0,0,Firstname481 Lastname481,False
0482_01,Earth,False,C/198/P,PSO J318.5-22,,False,10,77,137,55,42,Firstname482 Lastname482,False
0483_01,Europa,,G/167/P,TRAPPIST-1e,42.0,True,55,36,18,72,273,Firstname483 Lastname483,False
0484_01,,False,F/81/S,,28.0,,271,66,16,23,27,Firstname484 Lastname484,False
0485_01,Mars,False,C/169/P,PSO J318.5-22,24.0,False,78,50,10,120,21,Firstname485 Lastname485,True
0486_01,Earth,False,A/141/S,PSO J318.5-22,38.0,False,74,29,11,54,247,Firstname486 Lastname486,True
0487_01,Earth,False,F/245/P,PSO J318.5-22,43.0,False,15,203,110,229,46,Firstname487 Lastname487,True
0488_01,Mars,False,A/63/P,,19.0,False,0,43,50,169,73,Firstname488 Lastname488,False
0489_01,Mars,False,D/175/P,TRAPPIST-1e,29.0,False,166,90,122,113,128,Firstname489 Lastname489,True
0490_01,Earth,True,G/192/P,PSO J318.5-22,14.0,False,0,0,0,0,0,Firstname490 Lastname490,True
0491_01,Europa,False,A/271/S,TRAPPIST-1e,0.0,False,100,603,74,28,246,Firstname491 Lastname491,False
0492_01,Earth,True,D/43/S,TRAPPIST-1e,33.0,False,0,0,0,0,0,Firstname492 Lastname492,True
0493_01,Earth,True,C/78/S,TRAPPIST-1e,39.0,True,0,0,0,0,0,Firstname493 Lastname493,False
0494_01,Earth,False,A/270/S,55 Cancri e,33.0,False,109,14,29,30,250,Firstname494 Lastname494,False
0495_01,Earth,False,E/247/S,55 Cancri e,0.0,False,8,134,81,26,69,Firstname495 Lastname495,False
0496_01,Europa,,C/168/P,55 Cancri e,24.0,False,92,137,0,21,77,Firstname496 Lastname496,False
0497_01,Earth,False,E/193/P,55 Cancri e,0.0,False,17,81,2,180,115,Firstname497 Lastname497,False
0498_01,Mars,False,C/13/S,TRAPPIST-1e,50.0,False,133,84,152,31,73,Firstname498 Lastname498,False
0499_01,Mars,False,F/147/S,TRAPPIST-1e,13.0,False,35,8,92,89,839,Firstname499 Lastname499,True
0500_01,Europa,False,C/43/S,PSO J318.5-22,48.0,False,62,109,24,72,336,Firstname500 Lastname500,False
0501_01,Europa,False,A/148/P,PSO J318.5-22,44.0,False,91,105,93,103,35,Firstname501 Lastname501,True
0502_01,Earth,True,D/151/S,PSO J318.5-22,16.0,False,0,0,0,0,0,Firstname502 Lastname502,True
0503_01,Mars,False,F/7/S,TRAPPIST-1e,13.0,True,135,16,29,242,8,Firstname503 Lastname503,False
0504_01,Europa,False,G/114/S,PSO J318.5-22,35.0,False,36,19,2,71,55,Firstname504 Lastname504,True
0505_01,Earth,False,G/83/P,PSO J318.5-22,17.0,False,108,15,215,1,24,Firstname505 Lastname505,True
0506_01,Mars,False,B/124/P,TRAPPIST-1e,31.0,False,17,141,33,66,152,Firstname506 Lastname506,True
0507_01,Mars,False,A/12/S,PSO J318.5-22,22.0,False,116,32,9,111,390,Firstname507 Lastname507,True
0508_01,Mars,False,E/283/S,PSO J318.5-22,3.0,False,13,43,54,97,266,Firstname508 Lastname508,True
0509_01,Europa,,A/97/P,PSO J318.5-22,0.0,True,55,28,117,126,48,Firstname509 Lastname509,True
0510_01,Europa,False,A/69/S,TRAPPIST-1e,33.0,True,28,474,20,20,101,Firstname510 Lastname510,False
0511_01,Earth,False,C/33/S,55 Cancri e,21.0,False,137,289,25,124,141,Firstname511 Lastname511,False
0512_01,Mars,False,,TRAPPIST-1e,21.0,False,30,39,22,24,332,Firstname512 Lastname512,True
0513_01,Mars,True,E/47/P,,40.0,False,0,0,0,0,0,Firstname513 Lastname513,False
0514_01,Earth,True,D/289/P,55 Cancri e,47.0,False,0,0,0,0,0,Firstname514 Lastname514,True
0515_01,Earth,True,D/182/P,PSO J318.5-22,25.0,False,0,0,0,0,0,Firstname515 Lastname515,True
0516_01,Earth,False,G/215/S,TRAPPIST-1e,24.0,False,95,2,207,5,237,Firstname516 Lastname516,True
0517_01,Mars,False,G/128/S,PSO J318.5-22,37.0,False,9,166,12,62,23,Firstname517 Lastname517,False
0518_01,Mars,True,E/248/S,PSO J318.5-22,9.0,False,0,0,0,0,0,Firstname518 Lastname518,True
0519_01,Earth,False,E/280/S,55 Cancri e,33.0,False,124,343,235,30,57,Firstname519 Lastname519,False
0520_01,Europa,True,G/202/P,55 Cancri e,,False,0,0,0,0,0,Firstname520 Lastname520,False
0521_01,Earth,False,A/218/S,PSO J318.5-22,40.0,False,98,244,19,119,201,Firstname521 Lastname521,False
0522_01,Mars,False,E/202/P,PSO J318.5-22,0.0,False,33,235,80,106,59,Firstname522 Lastname522,False
0523_01,Mars,True,B/6/S,TRAPPIST-1e,,False,0,0,0,0,0,Firstname523 Lastname523,False
0524_01,,False,E/169/P,TRAPPIST-1e,16.0,False,10,76,341,79,2,Firstname524 Lastname524,True
0525_01,Earth,True,,PSO J318.5-22,31.0,False,0,0,0,0,0,Firstname525 Lastname525,True
0526_01,Earth,True,D/71/P,PSO J318.5-22,37.0,False,0,0,0,0,0,Firstname526 Lastname526,False
0527_01,Earth,False,C/266/S,PSO J318.5-22,52.0,False,123,45,33,143,23,Firstname527 Lastname527,False
0528_01,Earth,False,A/291/S,TRAPPIST-1e,22.0,False,28,121,15,68,54,Firstname528 Lastname528,True
0529_01,Mars,False,B/124/S,TRAPPIST-1e,22.0,False,39,79,43,27,50,Firstname529 Lastname529,True
0530_01,Mars,False,B/166/S,PSO J318.5-22,47.0,False,40,442,126,28,865,Firstname530 Lastname530,False
0531_01,Mars,False,B/295/P,TRAPPIST-1e,34.0,False,2,20,50,0,73,Firstname531 Lastname531,True
0532_01,Mars,False,E/230/S,55 Cancri e,49.0,False,41,545,61,42,27,Firstname532 Lastname532,True
0533_01,Europa,True,C/41/S,,34.0,False,0,0,0,0,0,Firstname533 Lastname533,False
0534_01,Europa,False,D/108/P,PSO J318.5-22,12.0,False,227,222,40,189,390,Firstname534 Lastname534,False
0535_01,Mars,True,D/290/S,55 Cancri e,10.0,,0,0,0,0,0,Firstname535 Lastname535,False
0536_01,Mars,,C/134/P,TRAPPIST-1e,6.0,False,60,23,36,383,70,Firstname536 Lastname536,False
0537_01,Earth,False,C/266/P,PSO J318.5-22,39.0,False,3,292,39,83,164,Firstname537 Lastname537,False
0538_01,,True,A/48/S,,47.0,False,0,0,0,0,0,Firstname538 Lastname538,True
0539_01,Earth,False,A/100/P,PSO J318.5-22,57.0,False,1,161,222,147,260,Firstname539 Lastname539,True
0540_01,,False,D/258/P,PSO J318.5-22,42.0,False,289,125,62,153,219,Firstname540 Lastname540,False
0541_01,Europa,True,D/65/P,PSO J318.5-22,47.0,False,0,0,0,0,0,Firstname541 Lastname541,False
0542_01,Earth,False,B/266/P,,21.0,False,41,102,7,29,408,Firstname542 Lastname542,True
0543_01,Europa,True,G/150/P,55 Cancri e,,False,0,0,0,0,0,Firstname543 Lastname543,False
0544_01,Europa,,E/248/S,TRAPPIST-1e,42.0,False,2,13,55,151,112,Firstname544 Lastname544,False
0545_01,Earth,False,,TRAPPIST-1e,36.0,False,87,165,1,50,205,Firstname545 Lastname545,True
0546_01,Earth,False,A/284/P,55 Cancri e,31.0,False,79,339,23,185,340,Firstname546 Lastname546,True
0547_01,Europa,False,A/68/P,PSO J318.5-22,35.0,False,24,8,58,49,1,Firstname547 Lastname547,True
0548_01,Europa,True,A/137/S,55 Cancri e,34.0,False,0,0,0,0,0,Firstname548 Lastname548,False
0549_01,Europa,False,C/138/S,PSO J318.5-22,49.0,False,105,189,24,16,40,Firstname549 Lastname549,False
0550_01,Europa,False,A/237/S,55 Cancri e,49.0,False,129,86,57,22,127,Firstname550 Lastname550,True
0551_01,Mars,False,B/288/S,PSO J318.5-22,38.0,False,0,77,68,50,411,Firstname551 Lastname551,False
0552_01,Europa,False,F/145/S,55 Cancri e,42.0,False,276,22,208,63,50,Firstname552 Lastname552,False
0553_01,Europa,False,B/283/S,55 Cancri e,,,17,106,82,51,129,Firstname553 Lastname553,False
0554_01,Mars,True,B/244/P,PSO J318.5-22,23.0,True,0,0,0,0,0,Firstname554 Lastname554,False
0555_01,Earth,True,E/127/P,TRAPPIST-1e,41.0,False,0,0,0,0,0,Firstname555 Lastname555,True
0556_01,Earth,False,D/271/S,TRAPPIST-1e,9.0,True,3,216,122,51,38,Firstname556 Lastname556,False
0557_01,Earth,False,E/73/P,TRAPPIST-1e,45.0,False,13,44,17,217,90,Firstname557 Lastname557,True
0558_01,Europa,False,B/248/S,TRAPPIST-1e,12.0,False,429,98,11,8,93,Firstname558 Lastname558,False
0559_01,Europa,False,A/43/P,TRAPPIST-1e,34.0,False,37,724,90,342,997,Firstname559 Lastname559,True
0560_01,Europa,False,A/170/S,PSO J318.5-22,17.0,False,12,174,65,514,1052,Firstname560 Lastname560,False
0561_01,Earth,True,D/168/P,PSO J318.5-22,38.0,False,0,0,0,0,0,Firstname561 Lastname561,False
0562_01,Earth,False,A/245/P,PSO J318.5-22,29.0,False,127,80,107,41,258,Firstname562 Lastname562,True
0563_01,Earth,True,G/47/S,PSO J318.5-22,6.0,False,0,0,0,0,0,Firstname563 Lastname563,True
0564_01,Earth,False,G/225/P,TRAPPIST-1e,36.0,False,29,6,343,179,6,Firstname564 Lastname564,False
0565_01,Europa,False,F/69/P,TRAPPIST-1e,,False,2,19,61,108,22,Firstname565 Lastname565,False
0566_01,Earth,False,B/296/P,TRAPPIST-1e,43.0,False,25,34,9,124,673,Firstname566 Lastname566,True
0567_01,Earth,True,E/161/P,PSO J318.5-22,30.0,True,0,0,0,0,0,Firstname567 Lastname567,False
0568_01,Mars,False,B/94/S,TRAPPIST-1e,35.0,True,10,280,23,15,43,Firstname568 Lastname568,True
0569_01,Earth,False,G/138/S,TRAPPIST-1e,15.0,False,56,63,120,214,35,Firstname569 Lastname569,True
0570_01,Europa,False,F/127/P,PSO J318.5-22,21.0,False,26,159,251,146,55,Firstname570 Lastname570,True
0571_01,Europa,True,D/77/S,55 Cancri e,23.0,False,0,0,0,0,0,Firstname571 Lastname571,True
0572_01,Earth,False,F/91/S,TRAPPIST-1e,42.0,False,29,132,72,264,168,Firstname572 Lastname572,False
0573_01,Europa,False,C/209/P,PSO J318.5-22,55.0,False,282,66,49,144,50,Firstname573 Lastname573,False
0574_01,Mars,True,E/107/P,PSO J318.5-22,17.0,False,0,0,0,0,0,Firstname574 Lastname574,True
0575_01,Mars,True,G/284/P,55 Cancri e,46.0,False,0,0,0,0,0,Firstname575 Lastname575,False
0576_01,Earth,True,F/37/P,55 Cancri e,0.0,False,0,0,0,0,0,Firstname576 Lastname576,True
0577_01,Mars,False,B/56/P,TRAPPIST-1e,12.0,False,47,740,111,6,213,Firstname577 Lastname577,False
0578_01,Earth,False,E/258/P,TRAPPIST-1e,15.0,,53,20,90,371,114,Firstname578 Lastname578,True
0579_01,Earth,False,B/123/S,55 Cancri e,9.0,False,130,11,17,16,312,Firstname579 Lastname579,False
0580_01,Earth,True,F/168/S,PSO J318.5-22,6.0,False,0,0,0,0,0,Firstname580 Lastname580,False
0581_01,Mars,False,B/252/P,PSO J318.5-22,,False,194,53,125,84,68,Firstname581 Lastname581,True
0582_01,Earth,False,E/92/S,PSO J318.5-22,26.0,False,288,157,51,3,83,Firstname582 Lastname582,False
0583_01,Earth,False,B/63/S,PSO J318.5-22,35.0,,40,59,61,310,549,Firstname583 Lastname583,True
0584_01,Europa,False,C/186/P,55 Cancri e,40.0,False,82,74,117,229,36,Firstname584 Lastname584,True
0585_01,Earth,True,E/260/S,55 Cancri e,33.0,False,0,0,0,0,0,Firstname585 Lastname585,True
0586_01,Earth,False,G/61/P,55 Cancri e,39.0,False,22,63,42,31,121,Firstname586 Lastname586,True
0587_01,Earth,False,F/88/S,TRAPPIST-1e,28.0,True,53,79,180,15,323,Firstname587 Lastname587,True
0588_01,Earth,False,D/207/P,55 Cancri e,12.0,False,23,191,14,54,295,Firstname588 Lastname588,True
0589_01,Earth,False,G/3/S,TRAPPIST-1e,45.0,False,209,107,432,35,503,Firstname589 Lastname589,True
0590_01,Earth,False,F/242/P,TRAPPIST-1e,21.0,False,17,431,10,84,152,Firstname590 Lastname590,True
0591_01,Europa,False,A/102/S,55 Cancri e,15.0,False,60,6,1,407,21,Firstname591 Lastname591,False
0592_01,Earth,True,E/133/P,TRAPPIST-1e,27.0,False,0,0,0,0,0,Firstname592 Lastname592,False
0593_01,Earth,True,B/21/S,TRAPPIST-1e,16.0,False,0,0,0,0,0,Firstname593 Lastname593,True
0594_01,Mars,False,G/109/P,TRAPPIST-1e,23.0,False,48,379,104,126,19,Firstname594 Lastname594,True
0595_01,Earth,False,D/83/P,55 Cancri e,35.0,False,203,7,133,77,37,Firstname595 Lastname595,True
0596_01,Europa,True,D/69/P,PSO J318.5-22,35.0,False,0,0,0,0,0,Firstname596 Lastname596,False
0597_01,Earth,True,D/140/S,,16.0,False,0,0,0,0,0,Firstname597 Lastname597,False
0598_01,Earth,True,C/234/P,TRAPPIST-1e,22.0,False,0,0,0,0,0,Firstname598 Lastname598,False
0599_01,Earth,False,A/277/P,55 Cancri e,46.0,True,62,313,99,41,222,Firstname599 Lastname599,True
0600_01,Earth,True,G/52/S,55 Cancri e,37.0,False,0,0,0,0,0,Firstname600 Lastname600,True
0601_01,Earth,False,A/237/P,TRAPPIST-1e,61.0,False,95,197,41,231,13,Firstname601 Lastname601,True
0602_01,Earth,True,F/32/P,PSO J318.5-22,47.0,False,0,0,0,0,0,Firstname602 Lastname602,False
0603_01,Earth,False,E/36/S,TRAPPIST-1e,47.0,False,68,160,36,263,336,Firstname603 Lastname603,False
0604_01,Earth,True,B/177/S,55 Cancri e,9.0,False,0,0,0,0,0,Firstname604 Lastname604,True
0605_01,Earth,False,B/295/S,PSO J318.5-22,41.0,True,1,6,56,6,726,Firstname605 Lastname605,False
0606_01,Earth,True,A/213/P,55 Cancri e,29.0,False,0,0,0,0,0,Firstname606 Lastname606,True
0607_01,Earth,False,A/6/P,TRAPPIST-1e,21.0,False,119,95,288,56,440,Firstname607 Lastname607,True
0608_01,Europa,True,E/35/P,,,False,0,0,0,0,0,Firstname608 Lastname608,False
0609_01,Europa,False,F/118/P,55 Cancri e,44.0,False,35,175,68,189,283,Firstname609 Lastname609,False
0610_01,Earth,False,B/87/P,PSO J318.5-22,,True,68,98,159,39,165,Firstname610 Lastname610,True
0611_01,,False,D/214/P,55 Cancri e,16.0,False,54,19,52,97,25,Firstname611 Lastname611,True
0612_01,Europa,False,E/239/P,TRAPPIST-1e,41.0,False,52,36,6,148,151,Firstname612 Lastname612,False
0613_01,Earth,False,G/141/S,TRAPPIST-1e,20.0,False,26,9,65,17,88,Firstname613 Lastname613,False
0614_01,Mars,False,F/112/P,PSO J318.5-22,33.0,False,14,128,32,201,314,Firstname614 Lastname614,False
0615_01,Mars,False,E/247/S,55 Cancri e,25.0,False,21,145,13,111,283,Firstname615 Lastname615,True
0616_01,Earth,False,E/134/S,PSO J318.5-22,,True,5,105,151,358,482,Firstname616 Lastname616,True
0617_01,Earth,False,B/94/S,TRAPPIST-1e,41.0,False,22,254,58,49,2,Firstname617 Lastname617,False
0618_01,Mars,False,F/289/S,PSO J318.5-22,14.0,False,0,296,216,13,331,Firstname618 Lastname618,False
0619_01,Europa,False,A/126/P,TRAPPIST-1e,59.0,True,98,143,131,84,557,Firstname619 Lastname619,True
0620_01,Earth,False,B/122/S,PSO J318.5-22,2.0,False,38,1,94,10,311,Firstname620 Lastname620,False
0621_01,Earth,True,G/115/S,PSO J318.5-22,21.0,False,0,0,0,0,0,Firstname621 Lastname621,False
0622_01,Earth,False,B/201/S,55 Cancri e,35.0,False,21,81,44,4,16,Firstname622 Lastname622,True
0623_01,Earth,False,D/11/S,TRAPPIST-1e,38.0,False,42,125,17,168,4,Firstname623 Lastname623,True
0624_01,Europa,True,G/247/P,,28.0,False,0,0,0,0,0,Firstname624 Lastname624,False
0625_01,Earth,False,F/127/P,,,,0,64,15,55,198,Firstname625 Lastname625,False
0626_01,Earth,,F/152/S,TRAPPIST-1e,36.0,False,182,373,26,8,867,Firstname626 Lastname626,False
0627_01,Europa,False,C/137/P,55 Cancri e,26.0,True,3,21,58,116,101,Firstname627 Lastname627,False
0628_01,Earth,True,A/19/P,55 Cancri e,,False,0,0,0,0,0,Firstname628 Lastname628,True
0629_01,Earth,False,B/175/S,TRAPPIST-1e,42.0,False,222,0,18,39,195,Firstname629 Lastname629,True
0630_01,Europa,False,A/141/S,55 Cancri e,43.0,,76,387,73,289,349,Firstname630 Lastname630,False
0631_01,Mars,False,A/93/S,55 Cancri e,,False,78,17,7,43,552,Firstname631 Lastname631,True
0632_01,Europa,False,G/205/S,55 Cancri e,28.0,False,106,14,4,71,325,Firstname632 Lastname632,False
0633_01,Europa,False,A/245/S,,25.0,False,48,60,37,94,111,Firstname633 Lastname633,False
0634_01,Earth,False,E/295/S,55 Cancri e,14.0,False,104,70,102,12,201,Firstname634 Lastname634,False
0635_01,Earth,True,B/17/P,TRAPPIST-1e,35.0,False,0,0,0,0,0,Firstname635 Lastname635,True
0636_01,Europa,False,E/282/P,TRAPPIST-1e,21.0,False,5,131,43,56,134,Firstname636 Lastname636,False
0637_01,Earth,True,C/7/S,TRAPPIST-1e,39.0,False,0,0,0,0,0,Firstname637 Lastname637,False
0638_01,Earth,False,A/103/P,PSO J318.5-22,13.0,False,79,5,36,58,37,Firstname638 Lastname638,False
0639_01,Earth,False,A/241/S,TRAPPIST-1e,55.0,False,218,57,220,110,0,Firstname639 Lastname639,False
0640_01,Earth,False,,TRAPPIST-1e,16.0,False,11,249,4,86,253,Firstname640 Lastname640,True
0641_01,Earth,False,C/253/P,TRAPPIST-1e,33.0,False,172,175,89,142,23,Firstname641 Lastname641,True
0642_01,Earth,False,G/29/P,55 Cancri e,41.0,False,23,193,177,6,55,Firstname642 Lastname642,True
0643_01,,False,C/282/S,55 Cancri e,21.0,False,50,179,130,40,70,Firstname643 Lastname643,True
0644_01,Earth,True,A/156/P,TRAPPIST-1e,42.0,False,0,0,0,0,0,Firstname644 Lastname644,False
0645_01,Mars,False,A/93/P,55 Cancri e,11.0,False,51,15,28,9,101,Firstname645 Lastname645,False
0646_01,Europa,,F/118/P,55 Cancri e,51.0,False,16,47,100,232,224,Firstname646 Lastname646,False
0647_01,,False,G/206/P,55 Cancri e,30.0,False,70,267,7,11,11,Firstname647 Lastname647,False
0648_01,Europa,False,C/147/S,TRAPPIST-1e,21.0,False,161,590,133,215,26,Firstname648 Lastname648,True
0649_01,Earth,False,A/271/P,PSO J318.5-22,25.0,False,58,102,101,53,138,Firstname649 Lastname649,False
0650_01,Earth,True,C/181/S,55 Cancri e,42.0,,0,0,0,0,0,Firstname650 Lastname650,True
0651_01,Europa,False,F/57/S,PSO J318.5-22,21.0,False,188,22,8,19,70,Firstname651 Lastname651,True
0652_01,Europa,True,B/48/S,TRAPPIST-1e,18.0,False,0,0,0,0,0,Firstname652 Lastname652,False
0653_01,Europa,False,F/6/S,PSO J318.5-22,26.0,True,67,129,91,29,452,Firstname653 Lastname653,False
0654_01,Earth,True,G/185/S,PSO J318.5-22,12.0,False,0,0,0,0,0,Firstname654 Lastname654,False
0655_01,Earth,False,D/220/S,PSO J318.5-22,57.0,False,216,430,3,44,25,Firstname655 Lastname655,True
0656_01,Earth,False,A/49/P,TRAPPIST-1e,21.0,False,86,68,1,86,13,Firstname656 Lastname656,False
0657_01,Earth,False,B/45/S,TRAPPIST-1e,42.0,False,24,365,37,106,736,Firstname657 Lastname657,True
0658_01,Europa,False,G/20/S,55 Cancri e,,True,31,227,12,187,228,Firstname658 Lastname658,True
0659_01,Europa,False,E/123/S,55 Cancri e,15.0,False,162,211,65,128,108,Firstname659 Lastname659,False
0660_01,Earth,False,E/3/S,TRAPPIST-1e,29.0,False,4,139,199,112,241,Firstname660 Lastname660,False
0661_01,Mars,False,F/40/P,55 Cancri e,41.0,True,483,147,39,63,282,Firstname661 Lastname661,False
0662_01,Europa,False,G/62/S,TRAPPIST-1e,27.0,False,13,152,149,77,302,Firstname662 Lastname662,False
0663_01,Earth,False,C/60/S,PSO J318.5-22,47.0,False,158,148,0,64,129,Firstname663 Lastname663,False
0664_01,Earth,False,C/122/P,55 Cancri e,45.0,False,50,121,14,221,112,Firstname664 Lastname664,False
0665_01,Earth,False,C/96/P,55 Cancri e,43.0,False,67,644,2,31,2,Firstname665 Lastname665,False
0666_01,Earth,True,F/235/S,55 Cancri e,23.0,False,0,0,0,0,0,Firstname666 Lastname666,False
0667_01,,False,,TRAPPIST-1e,13.0,False,53,225,191,126,184,Firstname667 Lastname667,False
0668_01,Earth,True,A/159/S,55 Cancri e,20.0,False,0,0,0,0,0,Firstname668 Lastname668,False
0669_01,Earth,False,B/207/S,,32.0,False,5,36,74,264,504,Firstname669 Lastname669,True
0670_01,Earth,False,A/136/P,55 Cancri e,38.0,False,0,13,48,235,492,Firstname670 Lastname670,False
0671_01,Mars,False,B/295/S,55 Cancri e,0.0,False,28,98,223,9,905,Firstname671 Lastname671,False
0672_01,Earth,,B/209/P,PSO J318.5-22,29.0,False,114,108,10,13,414,Firstname672 Lastname672,True
0673_01,Europa,False,E/211/S,TRAPPIST-1e,32.0,False,12,265,19,82,1222,Firstname673 Lastname673,False
0674_01,Earth,False,D/29/P,55 Cancri e,25.0,False,12,87,2,112,56,Firstname674 Lastname674,True
0675_01,,False,G/92/P,TRAPPIST-1e,49.0,False,52,126,45,38,369,Firstname675 Lastname675,False
0676_01,Earth,True,G/220/S,TRAPPIST-1e,36.0,False,0,0,0,0,0,Firstname676 Lastname676,False
0677_01,Earth,False,E/215/P,55 Cancri e,49.0,True,124,5,163,108,52,Firstname677 Lastname677,True
0678_01,Mars,True,C/277/S,PSO J318.5-22,26.0,,0,0,0,0,0,Firstname678 Lastname678,True
0679_01,Mars,False,B/292/S,55 Cancri e,44.0,False,8,264,76,3,776,Firstname679 Lastname679,False
0680_01,Mars,False,E/245/S,TRAPPIST-1e,54.0,False,282,25,60,166,70,Firstname680 Lastname680,True
0681_01,Earth,False,F/170/P,TRAPPIST-1e,49.0,True,30,135,7,29,409,Firstname681 Lastname681,True
0682_01,Earth,False,E/267/S,55 Cancri e,13.0,False,191,135,47,215,0,Firstname682 Lastname682,True
0683_01,Europa,False,C/40/P,PSO J318.5-22,26.0,False,199,26,608,65,4,Firstname683 Lastname683,False
0684_01,Mars,True,C/94/S,TRAPPIST-1e,24.0,False,0,0,0,0,0,Firstname684 Lastname684,False
0685_01,Europa,False,D/138/S,55 Cancri e,37.0,False,18,587,179,247,54,Firstname685 Lastname685,False
0686_01,Europa,False,C/207/S,PSO J318.5-22,40.0,False,172,75,138,239,234,Firstname686 Lastname686,False
0687_01,Earth,False,A/218/S,PSO J318.5-22,17.0,True,146,38,8,55,166,Firstname687 Lastname687,False
0688_01,Europa,False,B/279/S,PSO J318.5-22,31.0,False,90,28,20,28,16,Firstname688 Lastname688,False
0689_01,Earth,False,,55 Cancri e,0.0,False,41,165,0,179,35,Firstname689 Lastname689,True
0690_01,Earth,True,F/294/P,55 Cancri e,51.0,False,0,0,0,0,0,Firstname690 Lastname690,False
0691_01,Earth,False,G/195/S,55 Cancri e,22.0,False,12,154,9,25,41,Firstname691 Lastname691,False
0692_01,Europa,False,C/222/P,TRAPPIST-1e,30.0,False,71,13,51,281,314,Firstname692 Lastname692,False
0693_01,Earth,True,A/173/S,55 Cancri e,25.0,False,0,0,0,0,0,Firstname693 Lastname693,True
0694_01,Earth,False,D/110/P,PSO J318.5-22,47.0,False,44,73,166,3,19,Firstname694 Lastname694,True
0695_01,Europa,True,C/278/S,PSO J318.5-22,0.0,False,0,0,0,0,0,Firstname695 Lastname695,True
0696_01,Earth,True,G/207/S,TRAPPIST-1e,29.0,False,0,0,0,0,0,Firstname696 Lastname696,True
0697_01,Europa,True,G/204/P,55 Cancri e,28.0,False,0,0,0,0,0,Firstname697 Lastname697,False
0698_01,Earth,False,D/257/P,55 Cancri e,23.0,False,231,298,0,44,54,Firstname698 Lastname698,True
0699_01,Earth,False,,TRAPPIST-1e,55.0,True,17,397,86,46,392,Firstname699 Lastname699,False
0700_01,Europa,False,E/96/P,PSO J318.5-22,16.0,,48,54,27,49,517,Firstname700 Lastname700,True
0701_01,Earth,False,G/5/S,55 Cancri e,41.0,False,15,299,23,136,350,Firstname701 Lastname701,True
0702_01,Earth,False,F/178/S,TRAPPIST-1e,35.0,False,98,228,32,7,81,Firstname702 Lastname702,False
0703_01,Earth,False,F/217/S,55 Cancri e,48.0,,130,400,25,317,63,Firstname703 Lastname703,True
0704_01,Earth,False,F/187/S,PSO J318.5-22,19.0,False,268,42,57,30,159,Firstname704 Lastname704,False
0705_01,Mars,True,G/104/P,PSO J318.5-22,19.0,True,0,0,0,0,0,Firstname705 Lastname705,True
0706_01,Earth,False,F/258/S,TRAPPIST-1e,46.0,False,299,48,57,22,1003,Firstname706 Lastname706,True
0707_01,Mars,True,C/182/P,TRAPPIST-1e,36.0,False,0,0,0,0,0,Firstname707 Lastname707,False
0708_01,Earth,False,F/176/P,55 Cancri e,6.0,False,92,0,39,30,10,Firstname708 Lastname708,False
0709_01,Europa,False,D/140/P,TRAPPIST-1e,,True,5,124,23,10,237,Firstname709 Lastname709,True
0710_01,Europa,True,E/287/P,55 Cancri e,,False,0,0,0,0,0,Firstname710 Lastname710,True
0711_01,Europa,True,E/163/P,TRAPPIST-1e,42.0,False,0,0,0,0,0,Firstname711 Lastname711,False
0712_01,Earth,False,,TRAPPIST-1e,19.0,,110,155,108,62,226,Firstname712 Lastname712,False
0713_01,Earth,False,A/291/S,TRAPPIST-1e,0.0,False,178,286,113,145,615,Firstname713 Lastname713,False
0714_01,Earth,True,C/187/P,,37.0,False,0,0,0,0,0,Firstname714 Lastname714,True
0715_01,Mars,False,C/291/S,55 Cancri e,11.0,False,3,287,21,230,490,Firstname715 Lastname715,False
0716_01,Mars,True,F/114/P,TRAPPIST-1e,0.0,False,0,0,0,0,0,Firstname716 Lastname716,True
0717_01,Mars,False,,TRAPPIST-1e,0.0,False,37,109,67,88,375,Firstname717 Lastname717,True
0718_01,Earth,False,C/3/S,TRAPPIST-1e,42.0,False,13,89,52,79,74,Firstname718 Lastname718,False
0719_01,Europa,True,E/125/S,PSO J318.5-22,31.0,False,0,0,0,0,0,Firstname719 Lastname719,True
0720_01,Mars,True,C/25/S,PSO J318.5-22,26.0,False,0,0,0,0,0,Firstname720 Lastname720,True
0721_01,Earth,True,E/29/P,55 Cancri e,50.0,,0,0,0,0,0,Firstname721 Lastname721,True
0722_01,Earth,False,C/171/S,PSO J318.5-22,39.0,False,32,134,100,19,420,Firstname722 Lastname722,True
0723_01,Europa,True,B/61/P,PSO J318.5-22,54.0,False,0,0,0,0,0,Firstname723 Lastname723,False
0724_01,,False,A/276/S,TRAPPIST-1e,9.0,False,54,127,110,128,59,Firstname724 Lastname724,False
0725_01,Mars,True,C/139/S,55 Cancri e,29.0,False,0,0,0,0,0,Firstname725 Lastname725,True
0726_01,Earth,False,B/183/S,TRAPPIST-1e,5.0,False,405,18,5,59,19,Firstname726 Lastname726,False
0727_01,Europa,False,,TRAPPIST-1e,26.0,False,101,136,298,351,77,Firstname727 Lastname727,False
0728_01,Earth,False,E/51/P,PSO J318.5-22,26.0,True,17,48,251,33,97,Firstname728 Lastname728,False
0729_01,Earth,False,D/50/S,PSO J318.5-22,39.0,False,236,12,4,132,194,Firstname729 Lastname729,True
0730_01,Earth,False,F/113/S,PSO J318.5-22,30.0,False,72,84,46,161,34,Firstname730 Lastname730,False
0731_01,Mars,False,D/166/P,PSO J318.5-22,39.0,False,16,121,16,71,394,Firstname731 Lastname731,False
0732_01,Europa,False,F/203/S,55 Cancri e,40.0,False,254,59,53,332,118,Firstname732 Lastname732,True
0733_01,Europa,False,C/189/S,TRAPPIST-1e,62.0,False,141,191,141,160,497,Firstname733 Lastname733,True
0734_01,Earth,True,C/55/S,55 Cancri e,25.0,False,0,0,0,0,0,Firstname734 Lastname734,True
0735_01,,False,B/75/P,PSO J318.5-22,15.0,True,123,60,80,101,64,Firstname735 Lastname735,False
0736_01,Earth,False,D/133/P,PSO J318.5-22,33.0,False,22,210,34,141,30,Firstname736 Lastname736,True
0737_01,Mars,True,,,17.0,False,0,0,0,0,0,Firstname737 Lastname737,False
0738_01,Earth,False,A/182/S,TRAPPIST-1e,52.0,False,116,152,29,253,151,Firstname738 Lastname738,True
0739_01,Earth,False,F/64/P,55 Cancri e,25.0,False,24,120,192,52,22,Firstname739 Lastname739,False
0740_01,Earth,False,,PSO J318.5-22,21.0,False,57,1,163,42,99,Firstname740 Lastname740,True
0741_01,Earth,False,D/214/S,TRAPPIST-1e,22.0,False,152,178,65,28,177,Firstname741 Lastname741,False
0742_01,Europa,False,G/209/P,PSO J318.5-22,40.0,False,153,70,31,4,64,Firstname742 Lastname742,False
0743_01,,True,F/142/S,55 Cancri e,27.0,False,0,0,0,0,0,Firstname743 Lastname743,True
0744_01,Earth,False,D/112/P,PSO J318.5-22,20.0,False,157,255,2,244,298,Firstname744 Lastname744,False
0745_01,Mars,False,G/59/P,55 Cancri e,54.0,True,182,132,135,136,586,Firstname745 Lastname745,True
0746_01,Earth,True,G/268/S,TRAPPIST-1e,17.0,False,0,0,0,0,0,Firstname746 Lastname746,False
0747_01,Europa,True,F/20/S,TRAPPIST-1e,30.0,False,0,0,0,0,0,Firstname747 Lastname747,False
0748_01,,False,F/131/S,TRAPPIST-1e,39.0,False,32,62,50,227,643,Firstname748 Lastname748,True
0749_01,Europa,True,B/94/P,PSO J318.5-22,5.0,True,0,0,0,0,0,Firstname749 Lastname749,True
0750_01,Earth,False,E/293/P,TRAPPIST-1e,37.0,False,12,52,10,245,760,Firstname750 Lastname750,True
0751_01,Mars,True,F/292/S,TRAPPIST-1e,14.0,False,0,0,0,0,0,Firstname751 Lastname751,False
0752_01,Europa,True,B/75/S,55 Cancri e,42.0,False,0,0,0,0,0,Firstname752 Lastname752,False
0753_01,Earth,True,D/299/S,55 Cancri e,15.0,False,0,0,0,0,0,Firstname753 Lastname753,False
0754_01,Earth,False,D/8/P,,40.0,False,239,17,40,35,558,Firstname754 Lastname754,True
0755_01,Europa,False,B/209/S,TRAPPIST-1e,46.0,False,11,403,19,99,76,Firstname755 Lastname755,True
0756_01,Europa,False,,TRAPPIST-1e,42.0,True,127,367,37,91,212,Firstname756 Lastname756,False
0757_01,Europa,False,F/235/P,TRAPPIST-1e,33.0,False,116,111,32,17,16,Firstname757 Lastname757,True
0758_01,Mars,True,E/239/S,55 Cancri e,26.0,False,0,0,0,0,0,Firstname758 Lastname758,False
0759_01,Europa,False,C/181/P,55 Cancri e,21.0,False,255,85,74,45,297,Firstname759 Lastname759,True
0760_01,Earth,,G/73/P,PSO J318.5-22,52.0,False,84,149,51,6,150,Firstname760 Lastname760,True
0761_01,Earth,False,C/212/P,TRAPPIST-1e,19.0,False,45,62,160,356,526,Firstname761 Lastname761,False
0762_01,Earth,True,B/239/P,PSO J318.5-22,14.0,False,0,0,0,0,0,Firstname762 Lastname762,False
0763_01,Europa,False,G/264/P,TRAPPIST-1e,,True,29,129,82,251,407,Firstname763 Lastname763,False
0764_01,Earth,,G/222/S,TRAPPIST-1e,18.0,False,118,103,115,135,119,Firstname764 Lastname764,True
0765_01,Europa,False,D/231/P,PSO J318.5-22,15.0,False,4,129,113,52,775,Firstname765 Lastname765,True
0766_01,Europa,False,G/268/P,55 Cancri e,8.0,False,182,50,173,86,642,Firstname766 Lastname766,False
0767_01,Mars,False,A/64/S,TRAPPIST-1e,22.0,False,59,68,104,135,79,Firstname767 Lastname767,False
0768_01,Earth,False,F/11/S,TRAPPIST-1e,28.0,False,101,13,210,387,434,Firstname768 Lastname768,False
0769_01,Mars,False,B/71/S,55 Cancri e,33.0,False,25,8,32,35,376,Firstname769 Lastname769,True
0770_01,Earth,False,B/290/P,TRAPPIST-1e,44.0,False,113,43,55,249,47,Firstname770 Lastname770,False
0771_01,Mars,False,,TRAPPIST-1e,37.0,False,147,11,1,309,195,Firstname771 Lastname771,False
0772_01,Earth,False,B/52/P,TRAPPIST-1e,27.0,False,64,16,0,133,15,Firstname772 Lastname772,False
0773_01,Earth,False,E/84/P,TRAPPIST-1e,27.0,True,96,251,21,321,362,Firstname773 Lastname773,False
0774_01,Europa,False,E/126/P,TRAPPIST-1e,37.0,False,60,5,8,60,38,Firstname774 Lastname774,True
0775_01,Earth,False,D/56/P,55 Cancri e,49.0,False,224,161,24,366,14,Firstname775 Lastname775,False
0776_01,Earth,,C/110/S,TRAPPIST-1e,31.0,False,68,47,15,145,102,Firstname776 Lastname776,False
0777_01,Europa,False,E/56/S,PSO J318.5-22,22.0,False,184,307,2,5,172,Firstname777 Lastname777,False
0778_01,Europa,True,B/39/S,PSO J318.5-22,15.0,False,0,0,0,0,0,Firstname778 Lastname778,False
0779_01,Europa,False,,PSO J318.5-22,,False,52,54,0,79,731,Firstname779 Lastname779,False
0780_01,Europa,True,D/101/S,55 Cancri e,39.0,False,0,0,0,0,0,Firstname780 Lastname780,False
0781_01,Europa,False,F/4/P,55 Cancri e,38.0,False,52,72,13,100,12,Firstname781 Lastname781,True
0782_01,Earth,False,B/166/P,TRAPPIST-1e,38.0,True,174,124,194,19,276,Firstname782 Lastname782,True
0783_01,Earth,False,G/278/S,55 Cancri e,28.0,False,25,18,178,75,166,Firstname783 Lastname783,True
0784_01,Earth,False,G/11/S,PSO J318.5-22,51.0,False,74,870,84,213,118,Firstname784 Lastname784,True
0785_01,Mars,False,F/96/S,55 Cancri e,22.0,False,164,83,89,1,74,Firstname785 Lastname785,True
0786_01,Europa,False,E/192/S,,44.0,False,43,64,0,38,139,Firstname786 Lastname786,True
0787_01,Earth,False,B/128/S,55 Cancri e,29.0,False,102,185,335,0,82,Firstname787 Lastname787,True
0788_01,Earth,True,C/112/S,55 Cancri e,20.0,False,0,0,0,0,0,Firstname788 Lastname788,True
0789_01,Mars,False,F/145/P,TRAPPIST-1e,38.0,False,11,268,180,156,157,Firstname789 Lastname789,True
0790_01,Earth,True,G/223/P,PSO J318.5-22,36.0,False,0,0,0,0,0,Firstname790 Lastname790,True
0791_01,Europa,False,B/106/P,55 Cancri e,35.0,False,10,190,33,348,156,Firstname791 Lastname791,False
0792_01,Europa,False,B/265/S,55 Cancri e,31.0,False,31,17,179,112,54,Firstname792 Lastname792,False
0793_01,Europa,False,E/89/S,TRAPPIST-1e,29.0,False,193,280,27,35,380,Firstname793 Lastname793,True
0794_01,Earth,True,B/106/P,55 Cancri e,65.0,,0,0,0,0,0,Firstname794 Lastname794,False
0795_01,Mars,True,,TRAPPIST-1e,47.0,False,0,0,0,0,0,Firstname795 Lastname795,False
0796_01,Mars,False,A/32/P,TRAPPIST-1e,40.0,False,389,23,204,102,195,Firstname796 Lastname796,True
0797_01,Europa,True,D/218/P,PSO J318.5-22,31.0,False,0,0,0,0,0,Firstname797 Lastname797,False
0798_01,Europa,True,E/82/P,TRAPPIST-1e,45.0,False,0,0,0,0,0,Firstname798 Lastname798,False
0799_01,Mars,True,,55 Cancri e,37.0,False,0,0,0,0,0,Firstname799 Lastname799,False
0800_01,Europa,False,D/249/P,TRAPPIST-1e,30.0,False,59,91,115,55,259,Firstname800 Lastname800,True
0801_01,Earth,False,B/295/S,55 Cancri e,25.0,False,10,4,77,149,20,Firstname801 Lastname801,False
0802_01,Europa,False,C/224/S,TRAPPIST-1e,28.0,False,122,75,21,4,100,Firstname802 Lastname802,True
0803_01,,True,E/229/S,TRAPPIST-1e,0.0,True,0,0,0,0,0,Firstname803 Lastname803,False
0804_01,Earth,False,C/77/P,TRAPPIST-1e,33.0,False,204,459,113,62,330,Firstname804 Lastname804,False
0805_01,Europa,False,,TRAPPIST-1e,22.0,False,14,109,337,21,34,Firstname805 Lastname805,False
0806_01,Mars,False,F/132/S,TRAPPIST-1e,53.0,False,13,256,132,2,65,Firstname806 Lastname806,False
0807_01,Mars,True,G/72/P,TRAPPIST-1e,30.0,False,0,0,0,0,0,Firstname807 Lastname807,True
0808_01,Earth,True,E/160/P,PSO J318.5-22,12.0,False,0,0,0,0,0,Firstname808 Lastname808,False
0809_01,Earth,True,F/191/S,TRAPPIST-1e,29.0,False,0,0,0,0,0,Firstname809 Lastname809,False
0810_01,Mars,False,D/53/S,PSO J318.5-22,14.0,False,161,128,59,532,276,Firstname810 Lastname810,True
0811_01,Mars,False,C/131/P,TRAPPIST-1e,37.0,False,50,451,51,51,142,Firstname811 Lastname811,False
0812_01,Earth,True,F/226/S,55 Cancri e,34.0,False,0,0,0,0,0,Firstname812 Lastname812,True
0813_01,Mars,True,F/96/P,55 Cancri e,,False,0,0,0,0,0,Firstname813 Lastname813,True
0814_01,Mars,True,F/200/P,PSO J318.5-22,18.0,False,0,0,0,0,0,Firstname814 Lastname814,False
0815_01,Europa,False,F/185/S,TRAPPIST-1e,30.0,False,80,33,30,151,166,Firstname815 Lastname815,True
0816_01,Europa,True,F/32/P,TRAPPIST-1e,9.0,False,0,0,0,0,0,Firstname816 Lastname816,False
0817_01,Earth,False,B/256/P,55 Cancri e,40.0,False,29,287,3,11,315,Firstname817 Lastname817,True
0818_01,Earth,False,D/177/P,TRAPPIST-1e,,False,296,223,70,237,172,Firstname818 Lastname818,True
0819_01,Earth,False,G/255/P,TRAPPIST-1e,37.0,False,18,74,20,201,208,Firstname819 Lastname819,False
0820_01,Mars,True,F/127/P,TRAPPIST-1e,30.0,False,0,0,0,0,0,Firstname820 Lastname820,True
0821_01,Earth,True,G/254/P,TRAPPIST-1e,36.0,False,0,0,0,0,0,Firstname821 Lastname821,False
0822_01,Earth,False,B/84/P,TRAPPIST-1e,54.0,True,65,43,91,6,80,Firstname822 Lastname822,False
0823_01,Earth,False,G/13/P,55 Cancri e,25.0,False,40,105,111,48,756,Firstname823 Lastname823,False
0824_01,Europa,False,G/114/P,TRAPPIST-1e,32.0,False,59,4,56,85,398,Firstname824 Lastname824,False
0825_01,,False,D/205/P,PSO J318.5-22,13.0,False,84,21,179,91,78,Firstname825 Lastname825,False
0826_01,Earth,True,F/273/S,TRAPPIST-1e,16.0,False,0,0,0,0,0,Firstname826 Lastname826,True
0827_01,Earth,False,B/219/P,TRAPPIST-1e,31.0,False,53,208,131,291,107,Firstname827 Lastname827,False
0828_01,Europa,False,G/174/S,55 Cancri e,46.0,False,131,82,80,55,32,Firstname828 Lastname828,True
0829_01,Earth,True,C/111/P,TRAPPIST-1e,26.0,True,0,0,0,0,0,Firstname829 Lastname829,False
0830_01,Earth,False,E/229/P,55 Cancri e,26.0,False,179,69,325,42,103,Firstname830 Lastname830,False
0831_01,Earth,False,D/189/S,PSO J318.5-22,23.0,False,28,202,25,90,416,Firstname831 Lastname831,False
0832_01,Earth,False,G/2/S,TRAPPIST-1e,21.0,False,94,230,18,62,41,Firstname832 Lastname832,False
0833_01,Earth,False,B/286/P,55 Cancri e,34.0,False,87,216,46,38,158,Firstname833 Lastname833,False
0834_01,Earth,False,E/96/S,TRAPPIST-1e,7.0,False,46,192,4,16,4,Firstname834 Lastname834,False
0835_01,Earth,False,E/238/S,55 Cancri e,49.0,False,66,34,307,205,288,Firstname835 Lastname835,False
0836_01,Mars,True,B/269/P,TRAPPIST-1e,20.0,,0,0,0,0,0,Firstname836 Lastname836,True
0837_01,Earth,False,E/94/P,55 Cancri e,40.0,,15,95,65,47,196,Firstname837 Lastname837,True
0838_01,Europa,False,G/116/P,TRAPPIST-1e,10.0,False,24,60,85,57,10,Firstname838 Lastname838,False
0839_01,Europa,True,A/180/S,PSO J318.5-22,40.0,False,0,0,0,0,0,Firstname839 Lastname839,False
0840_01,,False,D/53/P,55 Cancri e,40.0,False,114,59,2,152,15,Firstname840 Lastname840,True
0841_01,Europa,False,D/137/S,55 Cancri e,35.0,True,108,22,75,59,68,Firstname841 Lastname841,True
0842_01,Earth,False,G/1/S,55 Cancri e,15.0,False,300,76,100,282,197,Firstname842 Lastname842,True
0843_01,Mars,False,C/98/S,55 Cancri e,33.0,,130,586,43,98,167,Firstname843 Lastname843,False
0844_01,Earth,False,A/288/P,55 Cancri e,12.0,False,5,38,113,71,189,Firstname844 Lastname844,False
0845_01,Earth,True,D/237/S,TRAPPIST-1e,26.0,True,0,0,0,0,0,Firstname845 Lastname845,True
0846_01,Earth,True,A/72/P,TRAPPIST-1e,45.0,True,0,0,0,0,0,Firstname846 Lastname846,True
0847_01,Mars,,F/268/P,TRAPPIST-1e,41.0,False,58,11,14,189,56,Firstname847 Lastname847,True
0848_01,Europa,False,C/232/S,TRAPPIST-1e,30.0,False,88,100,37,4,29,Firstname848 Lastname848,True
0849_01,Europa,False,F/139/P,TRAPPIST-1e,15.0,False,373,181,150,48,378,Firstname849 Lastname849,True
0850_01,Earth,True,,PSO J318.5-22,39.0,False,0,0,0,0,0,Firstname850 Lastname850,False
0851_01,Europa,False,B/221/P,TRAPPIST-1e,30.0,False,235,308,38,45,41,Firstname851 Lastname851,False
0852_01,Earth,False,E/56/S,PSO J318.5-22,0.0,False,8,51,71,144,39,Firstname852 Lastname852,True
0853_01,Mars,False,,TRAPPIST-1e,41.0,True,21,13,102,210,412,Firstname853 Lastname853,True
0854_01,Earth,False,E/192/P,TRAPPIST-1e,29.0,False,58,413,22,157,271,Firstname854 Lastname854,True
0855_01,Earth,True,F/200/P,PSO J318.5-22,48.0,False,0,0,0,0,0,Firstname855 Lastname855,False
0856_01,Earth,False,A/227/P,55 Cancri e,13.0,True,169,128,286,38,104,Firstname856 Lastname856,True
0857_01,Earth,False,C/149/P,55 Cancri e,0.0,False,444,235,76,249,60,Firstname857 Lastname857,True
0858_01,Europa,False,B/63/S,PSO J318.5-22,34.0,False,49,58,318,174,776,Firstname858 Lastname858,True
0859_01,Earth,False,C/156/P,TRAPPIST-1e,34.0,False,4,188,32,53,319,Firstname859 Lastname859,False
0860_01,Europa,,,PSO J318.5-22,4.0,False,161,21,97,158,71,Firstname860 Lastname860,False
0861_01,Earth,False,F/28/S,TRAPPIST-1e,15.0,True,92,51,20,13,376,Firstname861 Lastname861,False
0862_01,Europa,True,F/119/P,TRAPPIST-1e,71.0,True,0,0,0,0,0,Firstname862 Lastname862,True
0863_01,Earth,False,C/244/S,PSO J318.5-22,25.0,False,68,250,57,91,70,Firstname863 Lastname863,False
0864_01,Earth,False,F/218/P,TRAPPIST-1e,40.0,False,135,37,30,41,111,Firstname864 Lastname864,False
0865_01,Europa,False,C/164/S,,20.0,False,147,189,14,127,41,Firstname865 Lastname865,True
0866_01,Earth,True,E/58/S,55 Cancri e,0.0,False,0,0,0,0,0,Firstname866 Lastname866,True
0867_01,Earth,True,A/105/S,,27.0,False,0,0,0,0,0,Firstname867 Lastname867,False
0868_01,Mars,,G/188/S,TRAPPIST-1e,26.0,False,363,116,97,3,62,Firstname868 Lastname868,True
0869_01,,False,C/186/S,TRAPPIST-1e,24.0,False,108,92,54,68,343,Firstname869 Lastname869,True
0870_01,Earth,False,C/238/S,TRAPPIST-1e,28.0,False,52,59,7,101,1085,Firstname870 Lastname870,False
0871_01,Earth,True,C/284/P,TRAPPIST-1e,33.0,False,0,0,0,0,0,Firstname871 Lastname871,False
0872_01,Europa,False,B/210/S,55 Cancri e,27.0,False,131,138,8,316,128,Firstname872 Lastname872,True
0873_01,Earth,False,A/208/S,TRAPPIST-1e,11.0,True,27,640,75,90,323,Firstname873 Lastname873,False
0874_01,Earth,False,D/137/P,55 Cancri e,37.0,False,18,416,7,168,311,Firstname874 Lastname874,False
0875_01,Earth,False,D/287/S,TRAPPIST-1e,0.0,False,75,297,112,69,285,Firstname875 Lastname875,True
0876_01,Europa,False,G/142/P,55 Cancri e,0.0,False,34,329,1,164,85,Firstname876 Lastname876,False
0877_01,Europa,False,A/290/P,TRAPPIST-1e,41.0,False,99,94,22,27,120,Firstname877 Lastname877,True
0878_01,Earth,True,B/118/S,55 Cancri e,37.0,False,0,0,0,0,0,Firstname878 Lastname878,True
0879_01,Earth,False,A/282/S,TRAPPIST-1e,29.0,False,106,338,101,120,729,Firstname879 Lastname879,False
0880_01,Earth,False,B/211/P,,9.0,False,33,74,6,2,79,Firstname880 Lastname880,True
0881_01,Europa,False,E/195/S,TRAPPIST-1e,19.0,False,0,489,137,153,513,Firstname881 Lastname881,True
0882_01,Earth,,C/113/P,TRAPPIST-1e,26.0,True,13,80,54,216,62,Firstname882 Lastname882,True
0883_01,Earth,False,C/105/P,55 Cancri e,6.0,False,271,137,150,61,903,Firstname883 Lastname883,False
0884_01,Europa,True,D/282/P,,,False,0,0,0,0,0,Firstname884 Lastname884,False
0885_01,Earth,False,B/140/P,55 Cancri e,39.0,False,26,451,91,228,124,Firstname885 Lastname885,True
0886_01,Europa,True,D/87/S,PSO J318.5-22,51.0,,0,0,0,0,0,Firstname886 Lastname886,False
0887_01,Earth,True,G/129/S,55 Cancri e,23.0,False,0,0,0,0,0,Firstname887 Lastname887,True
0888_01,Earth,False,A/66/S,TRAPPIST-1e,41.0,False,353,110,78,46,64,Firstname888 Lastname888,False
0889_01,Earth,,C/149/P,TRAPPIST-1e,1.0,False,46,46,49,136,24,Firstname889 Lastname889,True
0890_01,Europa,True,D/116/S,TRAPPIST-1e,39.0,False,0,0,0,0,0,Firstname890 Lastname890,False
0891_01,Mars,False,,PSO J318.5-22,17.0,,6,120,1,21,85,Firstname891 Lastname891,False
0892_01,Mars,False,G/250/S,TRAPPIST-1e,34.0,False,50,162,10,44,287,Firstname892 Lastname892,False
0893_01,Earth,True,D/25/P,TRAPPIST-1e,26.0,False,0,0,0,0,0,Firstname893 Lastname893,True
0894_01,Europa,,A/70/P,PSO J318.5-22,49.0,False,77,98,66,139,21,Firstname894 Lastname894,False
0895_01,Earth,False,C/112/S,55 Cancri e,16.0,False,33,144,64,512,382,Firstname895 Lastname895,True
0896_01,Earth,False,G/91/S,TRAPPIST-1e,39.0,False,12,77,2,174,183,Firstname896 Lastname896,False
0897_01,,True,E/227/S,TRAPPIST-1e,,False,0,0,0,0,0,Firstname897 Lastname897,True
0898_01,Earth,False,G/192/P,TRAPPIST-1e,27.0,False,103,489,206,29,221,Firstname898 Lastname898,True
0899_01,Earth,False,B/138/P,TRAPPIST-1e,27.0,False,46,107,40,177,38,Firstname899 Lastname899,True
0900_01,Earth,False,D/200/P,TRAPPIST-1e,17.0,False,301,198,78,2,128,Firstname900 Lastname900,True
0901_01,Earth,True,C/61/S,PSO J318.5-22,29.0,False,0,0,0,0,0,Firstname901 Lastname901,False
0902_01,Earth,False,E/237/P,PSO J318.5-22,29.0,,36,65,122,76,5,Firstname902 Lastname902,False
0903_01,Europa,True,G/37/S,PSO J318.5-22,33.0,False,0,0,0,0,0,Firstname903 Lastname903,False
0904_01,Earth,False,C/237/S,TRAPPIST-1e,31.0,False,38,78,156,238,27,Firstname904 Lastname904,False
0905_01,Mars,True,E/197/P,55 Cancri e,41.0,,0,0,0,0,0,Firstname905 Lastname905,False
0906_01,Mars,False,C/240/S,TRAPPIST-1e,43.0,False,76,117,175,2,112,Firstname906 Lastname906,True
0907_01,Earth,False,A/188/P,PSO J318.5-22,14.0,False,173,103,21,112,133,Firstname907 Lastname907,True
0908_01,Earth,False,F/267/S,55 Cancri e,43.0,False,10,21,26,55,29,Firstname908 Lastname908,True
0909_01,Earth,True,D/90/P,TRAPPIST-1e,12.0,False,0,0,0,0,0,Firstname909 Lastname909,True
0910_01,Europa,False,C/220/S,TRAPPIST-1e,38.0,False,158,27,127,214,181,Firstname910 Lastname910,True
0911_01,Earth,,F/103/P,55 Cancri e,39.0,False,19,20,43,44,69,Firstname911 Lastname911,True
0912_01,Europa,False,B/184/P,TRAPPIST-1e,1.0,False,124,404,20,343,2,Firstname912 Lastname912,True
0913_01,Earth,False,B/247/P,PSO J318.5-22,31.0,False,48,139,21,23,16,Firstname913 Lastname913,True
0914_01,Europa,False,D/76/P,TRAPPIST-1e,22.0,False,51,161,185,130,99,Firstname914 Lastname914,False
0915_01,Earth,False,G/278/S,PSO J318.5-22,18.0,False,152,77,143,133,33,Firstname915 Lastname915,True
0916_01,Earth,False,E/111/P,TRAPPIST-1e,50.0,False,329,359,64,34,94,Firstname916 Lastname916,False
0917_01,Mars,False,A/249/P,TRAPPIST-1e,20.0,False,13,152,76,47,197,Firstname917 Lastname917,False
0918_01,Europa,False,B/182/S,PSO J318.5-22,17.0,False,54,219,51,216,158,Firstname918 Lastname918,False
0919_01,Earth,False,E/209/S,TRAPPIST-1e,31.0,False,65,68,39,172,52,Firstname919 Lastname919,True
0920_01,Mars,False,F/99/P,TRAPPIST-1e,40.0,False,47,482,197,47,84,Firstname920 Lastname920,True
0921_01,Earth,True,F/175/P,TRAPPIST-1e,27.0,True,0,0,0,0,0,Firstname921 Lastname921,True
0922_01,Mars,False,A/90/P,TRAPPIST-1e,47.0,False,5,288,43,7,394,Firstname922 Lastname922,True
0923_01,Europa,,A/166/P,TRAPPIST-1e,37.0,False,115,28,33,28,279,Firstname923 Lastname923,True
0924_01,Earth,False,F/262/P,TRAPPIST-1e,0.0,False,57,47,55,79,161,Firstname924 Lastname924,False
0925_01,Earth,True,F/14/P,55 Cancri e,22.0,False,0,0,0,0,0,Firstname925 Lastname925,False
0926_01,Earth,False,E/143/S,TRAPPIST-1e,21.0,False,169,47,58,222,90,Firstname926 Lastname926,False
0927_01,Europa,False,E/283/P,PSO J318.5-22,37.0,False,162,290,12,151,423,Firstname927 Lastname927,True
0928_01,Europa,False,A/245/S,TRAPPIST-1e,0.0,False,66,4,57,345,8,Firstname928 Lastname928,True
0929_01,Earth,True,C/60/S,TRAPPIST-1e,68.0,False,0,0,0,0,0,Firstname929 Lastname929,False
0930_01,Earth,False,E/58/P,55 Cancri e,37.0,True,101,48,16,338,218,Firstname930 Lastname930,True
0931_01,Mars,False,G/217/S,TRAPPIST-1e,32.0,False,33,33,5,97,228,Firstname931 Lastname931,False
0932_01,Mars,False,B/5/S,55 Cancri e,47.0,False,26,39,115,110,7,Firstname932 Lastname932,False
0933_01,Europa,False,D/198/P,,65.0,False,131,239,44,452,186,Firstname933 Lastname933,True
0934_01,Earth,False,B/146/S,55 Cancri e,43.0,False,4,124,78,123,132,Firstname934 Lastname934,True
0935_01,Earth,False,A/249/S,PSO J318.5-22,44.0,False,9,0,104,3,22,Firstname935 Lastname935,False
0936_01,Earth,True,F/13/P,55 Cancri e,31.0,False,0,0,0,0,0,Firstname936 Lastname936,True
0937_01,Mars,False,D/19/P,PSO J318.5-22,27.0,False,16,78,50,283,442,Firstname937 Lastname937,True
0938_01,Earth,False,C/239/S,PSO J318.5-22,22.0,False,7,18,39,190,159,Firstname938 Lastname938,True
0939_01,Europa,True,C/100/P,TRAPPIST-1e,17.0,False,0,0,0,0,0,Firstname939 Lastname939,True
0940_01,Earth,True,B/44/S,TRAPPIST-1e,,False,0,0,0,0,0,Firstname940 Lastname940,False
0941_01,Europa,False,E/145/P,55 Cancri e,9.0,False,16,191,54,554,250,Firstname941 Lastname941,False
0942_01,Europa,False,,TRAPPIST-1e,28.0,,27,195,151,11,242,Firstname942 Lastname942,True
0943_01,Mars,False,C/288/S,TRAPPIST-1e,4.0,False,275,0,166,132,190,Firstname943 Lastname943,False
0944_01,Earth,,E/128/S,55 Cancri e,32.0,False,73,461,14,39,142,Firstname944 Lastname944,False
0945_01,Earth,False,E/239/S,TRAPPIST-1e,29.0,False,45,252,11,122,113,Firstname945 Lastname945,False
0946_01,Earth,False,D/296/P,55 Cancri e,32.0,False,206,351,79,112,179,Firstname946 Lastname946,False
0947_01,Mars,True,,55 Cancri e,22.0,False,0,0,0,0,0,Firstname947 Lastname947,True
0948_01,,False,E/284/S,PSO J318.5-22,76.0,False,40,407,1,27,566,Firstname948 Lastname948,True
0949_01,Europa,False,E/194/P,55 Cancri e,,False,23,248,175,116,177,Firstname949 Lastname949,False
0950_01,Europa,True,C/246/S,TRAPPIST-1e,11.0,False,0,0,0,0,0,Firstname950 Lastname950,False
0951_01,Europa,True,G/171/P,TRAPPIST-1e,33.0,,0,0,0,0,0,Firstname951 Lastname951,False
0952_01,Earth,False,A/45/S,PSO J318.5-22,20.0,False,113,201,101,216,327,Firstname952 Lastname952,False
0953_01,Mars,False,G/103/S,TRAPPIST-1e,14.0,False,34,482,115,47,35,Firstname953 Lastname953,False
0954_01,Earth,False,E/286/S,55 Cancri e,9.0,False,86,170,17,80,69,Firstname954 Lastname954,True
0955_01,Earth,False,F/146/S,55 Cancri e,36.0,False,6,126,21,339,227,Firstname955 Lastname955,True
0956_01,Europa,,E/221/P,PSO J318.5-22,19.0,False,21,436,58,30,75,Firstname956 Lastname956,True
0957_01,Earth,False,D/98/P,TRAPPIST-1e,44.0,False,52,87,15,59,314,Firstname957 Lastname957,False
0958_01,Earth,False,F/173/P,55 Cancri e,44.0,False,276,137,29,111,27,Firstname958 Lastname958,False
0959_01,Europa,False,E/122/P,PSO J318.5-22,50.0,False,47,97,31,168,287,Firstname959 Lastname959,False
0960_01,Earth,True,F/108/S,PSO J318.5-22,17.0,False,0,0,0,0,0,Firstname960 Lastname960,False
0961_01,Europa,False,E/6/S,TRAPPIST-1e,37.0,False,29,11,18,296,2,Firstname961 Lastname961,False
0962_01,Earth,False,B/146/P,55 Cancri e,39.0,False,13,104,124,179,456,Firstname962 Lastname962,False
0963_01,Earth,False,B/96/P,PSO J318.5-22,22.0,False,6,174,14,31,174,Firstname963 Lastname963,False
0964_01,Earth,False,E/202/S,55 Cancri e,18.0,False,36,235,2,3,86,Firstname964 Lastname964,True
0965_01,Earth,False,F/112/S,55 Cancri e,54.0,False,17,131,79,58,52,Firstname965 Lastname965,False
0966_01,Europa,True,C/106/P,TRAPPIST-1e,33.0,False,0,0,0,0,0,Firstname966 Lastname966,False
0967_01,Earth,,,PSO J318.5-22,39.0,False,143,427,32,148,142,Firstname967 Lastname967,True
0968_01,Europa,,G/297/P,55 Cancri e,17.0,False,1,9,10,129,955,Firstname968 Lastname968,True
0969_01,Earth,True,E/214/S,TRAPPIST-1e,11.0,False,0,0,0,0,0,Firstname969 Lastname969,False
0970_01,Europa,True,F/291/S,55 Cancri e,21.0,False,0,0,0,0,0,Firstname970 Lastname970,True
0971_01,Mars,False,A/150/S,55 Cancri e,28.0,False,70,59,122,34,116,Firstname971 Lastname971,False
0972_01,Europa,True,G/267/P,,14.0,False,0,0,0,0,0,Firstname972 Lastname972,True
0973_01,Earth,False,C/3/P,55 Cancri e,29.0,False,37,362,30,132,229,Firstname973 Lastname973,False
0974_01,Earth,True,D/76/P,,4.0,False,0,0,0,0,0,Firstname974 Lastname974,False
0975_01,Earth,False,F/225/S,55 Cancri e,13.0,False,132,20,7,69,79,Firstname975 Lastname975,True
0976_01,Europa,True,A/251/P,TRAPPIST-1e,40.0,False,0,0,0,0,0,Firstname976 Lastname976,True
0977_01,Earth,False,A/279/S,TRAPPIST-1e,39.0,False,21,133,103,61,15,Firstname977 Lastname977,False
0978_01,Earth,False,C/125/P,PSO J318.5-22,24.0,False,10,113,268,173,43,Firstname978 Lastname978,False
0979_01,Europa,False,E/47/S,PSO J318.5-22,14.0,False,228,46,24,296,132,Firstname979 Lastname979,False
0980_01,Earth,True,G/30/P,PSO J318.5-22,14.0,False,0,0,0,0,0,Firstname980 Lastname980,True
0981_01,Europa,False,D/237/S,55 Cancri e,24.0,False,80,393,63,66,132,Firstname981 Lastname981,True
0982_01,Earth,False,G/25/S,TRAPPIST-1e,39.0,False,44,77,98,145,81,Firstname982 Lastname982,True
0983_01,,False,F/94/P,PSO J318.5-22,43.0,False,13,331,125,343,17,Firstname983 Lastname983,False
0984_01,Europa,True,G/25/S,TRAPPIST-1e,22.0,False,0,0,0,0,0,Firstname984 Lastname984,True
0985_01,Earth,True,C/116/S,55 Cancri e,12.0,False,0,0,0,0,0,Firstname985 Lastname985,True
0986_01,Europa,False,B/266/P,PSO J318.5-22,34.0,True,22,96,57,190,190,Firstname986 Lastname986,True
0987_01,Earth,False,C/11/P,TRAPPIST-1e,,False,60,19,32,112,756,Firstname987 Lastname987,True
0988_01,Earth,False,E/214/P,TRAPPIST-1e,22.0,True,159,394,157,14,23,Firstname988 Lastname988,False
0989_01,Mars,False,G/209/S,55 Cancri e,49.0,False,89,90,51,118,47,Firstname989 Lastname989,True
0990_01,Europa,False,F/64/S,PSO J318.5-22,42.0,False,10,198,128,24,128,Firstname990 Lastname990,False
0991_01,Europa,True,D/121/S,TRAPPIST-1e,32.0,False,0,0,0,0,0,Firstname991 Lastname991,False
0992_01,Earth,False,B/54/P,55 Cancri e,10.0,False,121,2,118,90,295,Firstname992 Lastname992,True
0993_01,Europa,True,C/272/P,55 Cancri e,33.0,False,0,0,0,0,0,Firstname993 Lastname993,False
0994_01,Earth,False,C/18/P,55 Cancri e,45.0,False,99,102,142,74,81,Firstname994 Lastname994,False
0995_01,Earth,False,E/187/S,PSO J318.5-22,24.0,False,16,175,25,39,966,Firstname995 Lastname995,False
0996_01,Mars,False,F/239/S,PSO J318.5-22,50.0,False,123,61,63,31,21,Firstname996 Lastname996,True
0997_01,,True,B/76/S,55 Cancri e,49.0,False,0,0,0,0,0,Firstname997 Lastname997,True
0998_01,Mars,True,E/246/S,PSO J318.5-22,54.0,False,0,0,0,0,0,Firstname998 Lastname998,True
0999_01,Earth,True,B/283/P,55 Cancri e,34.0,False,0,0,0,0,0,Firstname999 Lastname999,False
